"id","category","type","declared_learn_sources","special_system","mechanism_hints"
"10000000voltthunderbolt","Special","Electric","","Z","settlement;special-system"
"absorb","Special","Grass","data-only:level;implemented:egg;implemented:level","","health-operation;settlement"
"accelerock","Physical","Rock","implemented:level","","settlement;timing"
"acid","Special","Poison","data-only:level;implemented:egg;implemented:legacy;implemented:level","","settlement;state"
"acidarmor","Status","Poison","data-only:egg;data-only:level;implemented:egg;implemented:level;implemented:tm","","state"
"aciddownpour","Physical","Poison","","Z","settlement;special-system"
"acidspray","Special","Poison","data-only:level;data-only:tm;implemented:egg;implemented:level;implemented:tm","","settlement;state"
"acrobatics","Physical","Flying","data-only:legacy;data-only:level;data-only:tm;implemented:legacy;implemented:level;implemented:tm","","custom-callback-review;settlement"
"acupressure","Status","Normal","implemented:egg;implemented:level","","custom-callback-review"
"aerialace","Physical","Flying","data-only:legacy;data-only:level;data-only:tm;data-only:tutor;implemented:egg;implemented:legacy;implemented:level;implemented:tm;implemented:tutor","","settlement"
"aeroblast","Special","Flying","implemented:level","","settlement"
"afteryou","Status","Normal","data-only:level;data-only:tm;data-only:tutor;implemented:egg;implemented:level;implemented:tm;implemented:tutor","","custom-callback-review"
"agility","Status","Psychic","data-only:level;data-only:tm;implemented:egg;implemented:legacy;implemented:level;implemented:tm","","state"
"aircutter","Special","Flying","data-only:legacy;data-only:level;data-only:tm;data-only:tutor;implemented:egg;implemented:legacy;implemented:level;implemented:tm;implemented:tutor","","settlement"
"airslash","Special","Flying","data-only:level;data-only:tm;implemented:egg;implemented:form_change;implemented:legacy;implemented:level;implemented:tm","","settlement;state"
"alloutpummeling","Physical","Fighting","","Z","settlement;special-system"
"alluringvoice","Special","Fairy","data-only:tm;implemented:tm","","settlement;state"
"allyswitch","Status","Psychic","data-only:egg;data-only:legacy;data-only:level;data-only:tm;data-only:tutor;implemented:egg;implemented:legacy;implemented:level;implemented:tm;implemented:tutor","","custom-callback-review;timing"
"amnesia","Status","Psychic","data-only:legacy;data-only:level;data-only:tm;implemented:egg;implemented:legacy;implemented:level;implemented:tm","","state"
"anchorshot","Physical","Steel","implemented:level","","settlement;state"
"ancientpower","Special","Rock","data-only:level;data-only:tm;data-only:tutor;implemented:egg;implemented:level;implemented:tm;implemented:tutor","","settlement;state"
"appleacid","Special","Grass","implemented:level","","settlement;state"
"aquacutter","Physical","Water","implemented:egg;implemented:level","","settlement"
"aquajet","Physical","Water","data-only:level;implemented:egg;implemented:level","","settlement;timing"
"aquaring","Status","Water","data-only:level;data-only:special;implemented:egg;implemented:level","","state"
"aquastep","Physical","Water","implemented:level","","settlement;state"
"aquatail","Physical","Water","data-only:egg;data-only:level;data-only:tm;data-only:tutor;implemented:egg;implemented:legacy;implemented:level;implemented:tm;implemented:tutor","","settlement"
"armorcannon","Special","Fire","implemented:level","","settlement;state"
"armthrust","Physical","Fighting","data-only:level;implemented:level","","settlement;timing"
"aromatherapy","Status","Grass","data-only:level;data-only:tm;implemented:egg;implemented:level;implemented:special;implemented:tm","","custom-callback-review"
"aromaticmist","Status","Fairy","data-only:level;implemented:egg;implemented:level","","state"
"assist","Status","Normal","implemented:egg;implemented:level","","custom-callback-review"
"assurance","Physical","Dark","data-only:level;data-only:tm;implemented:egg;implemented:level;implemented:tm","","custom-callback-review;settlement"
"astonish","Physical","Ghost","data-only:level;implemented:egg;implemented:level","","settlement;state"
"astralbarrage","Special","Ghost","data-only:level","","settlement"
"attackorder","Physical","Bug","implemented:level","","settlement"
"attract","Status","Normal","data-only:egg;data-only:legacy;data-only:level;data-only:tm;implemented:egg;implemented:legacy;implemented:level;implemented:tm","","custom-callback-review;state"
"aurasphere","Special","Fighting","data-only:level;data-only:tm;implemented:legacy;implemented:level;implemented:special;implemented:tm","","settlement"
"aurawheel","Physical","Electric","implemented:level","","custom-callback-review;settlement;state"
"aurorabeam","Special","Ice","data-only:level;implemented:egg;implemented:legacy;implemented:level","","settlement;state"
"auroraveil","Status","Ice","data-only:level;data-only:tm;implemented:egg;implemented:level;implemented:tm","","custom-callback-review;field"
"autotomize","Status","Steel","data-only:level;implemented:egg;implemented:level;implemented:tm","","custom-callback-review;state"
"avalanche","Physical","Ice","data-only:legacy;data-only:level;data-only:tm;implemented:level;implemented:tm","","custom-callback-review;settlement;timing"
"axekick","Physical","Fighting","implemented:level","","custom-callback-review;settlement;state"
"babydolleyes","Status","Fairy","data-only:tm;data-only:tutor;implemented:egg;implemented:level;implemented:tm;implemented:tutor","","state;timing"
"baddybad","Special","Dark","","","settlement;state"
"banefulbunker","Status","Poison","implemented:level","","custom-callback-review;state;timing"
"barbbarrage","Physical","Poison","implemented:egg;implemented:level","","custom-callback-review;settlement;state"
"barrage","Physical","Normal","implemented:level","","settlement;timing"
"barrier","Status","Psychic","implemented:egg;implemented:legacy;implemented:level;implemented:special","","state"
"batonpass","Status","Normal","data-only:level;data-only:tm;implemented:egg;implemented:legacy;implemented:level;implemented:tm","","custom-callback-review;state;switch"
"beakblast","Physical","Flying","implemented:level","","custom-callback-review;settlement;timing"
"beatup","Physical","Dark","data-only:level;data-only:tm;implemented:egg;implemented:level;implemented:tm","","custom-callback-review;settlement"
"behemothbash","Physical","Steel","","","settlement"
"behemothblade","Physical","Steel","","","settlement"
"belch","Special","Poison","data-only:level;implemented:egg;implemented:level","","custom-callback-review;settlement"
"bellydrum","Status","Normal","data-only:level;implemented:egg;implemented:level;implemented:special;implemented:tm","","custom-callback-review"
"bestow","Status","Normal","data-only:level;implemented:egg;implemented:level","","custom-callback-review"
"bide","Physical","Normal","data-only:level;implemented:egg;implemented:legacy;implemented:level","","custom-callback-review;settlement;state;timing"
"bind","Physical","Normal","data-only:level;data-only:tm;data-only:tutor;implemented:egg;implemented:legacy;implemented:level;implemented:tm;implemented:tutor","","settlement;state"
"bite","Physical","Dark","data-only:level;implemented:egg;implemented:level","","settlement;state"
"bitterblade","Physical","Fire","implemented:level","","health-operation;settlement"
"bittermalice","Special","Ghost","implemented:level","","settlement;state"
"blackholeeclipse","Physical","Dark","","Z","settlement;special-system"
"blastburn","Special","Fire","data-only:special;data-only:tutor;implemented:special;implemented:tm;implemented:tutor","","settlement;state;timing"
"blazekick","Physical","Fire","data-only:tm;implemented:level;implemented:tm","","settlement;state"
"blazingtorque","Physical","Fire","","","settlement;state"
"bleakwindstorm","Special","Flying","data-only:level","","custom-callback-review;settlement;state"
"blizzard","Special","Ice","data-only:level;data-only:tm;implemented:form_change;implemented:level;implemented:tm","","custom-callback-review;settlement;state"
"block","Status","Normal","data-only:level;data-only:tm;data-only:tutor;implemented:egg;implemented:level;implemented:special;implemented:tm;implemented:tutor","","custom-callback-review"
"bloodmoon","Special","Normal","implemented:level","","settlement"
"bloomdoom","Physical","Grass","","Z","settlement;special-system"
"blueflare","Special","Fire","data-only:level;data-only:special","","settlement;state"
"bodypress","Physical","Fighting","data-only:level;data-only:tm;implemented:level;implemented:tm","","settlement"
"bodyslam","Physical","Normal","data-only:legacy;data-only:level;data-only:tm;implemented:egg;implemented:legacy;implemented:level;implemented:tm","","settlement;state"
"boltbeak","Physical","Electric","implemented:level","","custom-callback-review;settlement"
"boltstrike","Physical","Electric","data-only:level;data-only:special","","settlement;state"
"boneclub","Physical","Ground","implemented:level","","settlement;state"
"bonemerang","Physical","Ground","implemented:level","","settlement;timing"
"bonerush","Physical","Ground","data-only:level;implemented:level","","settlement;timing"
"boomburst","Special","Normal","data-only:level;implemented:egg;implemented:level;implemented:tm","","settlement"
"bounce","Physical","Flying","data-only:level;data-only:tm;data-only:tutor;implemented:egg;implemented:legacy;implemented:level;implemented:tm;implemented:tutor","","custom-callback-review;settlement;state;timing"
"bouncybubble","Special","Water","","","health-operation;settlement"
"branchpoke","Physical","Grass","implemented:level","","settlement"
"bravebird","Physical","Flying","data-only:level;data-only:tm;implemented:egg;implemented:level;implemented:tm","","health-operation;settlement"
"breakingswipe","Physical","Dragon","data-only:legacy;data-only:level;data-only:tm;implemented:level;implemented:tm","","settlement;state"
"breakneckblitz","Physical","Normal","","Z","settlement;special-system"
"brickbreak","Physical","Fighting","data-only:level;data-only:tm;implemented:level;implemented:tm","","custom-callback-review;settlement"
"brine","Special","Water","data-only:level;data-only:tm;implemented:egg;implemented:level;implemented:tm","","custom-callback-review;settlement"
"brutalswing","Physical","Dark","data-only:level;data-only:tm;implemented:level;implemented:tm","","settlement"
"bubble","Special","Water","data-only:level;implemented:egg;implemented:level","","settlement;state"
"bubblebeam","Special","Water","data-only:level;implemented:egg;implemented:legacy;implemented:level;implemented:tm","","settlement;state"
"bugbite","Physical","Bug","data-only:legacy;data-only:level;data-only:tm;data-only:tutor;implemented:egg;implemented:legacy;implemented:level;implemented:tm;implemented:tutor","","custom-callback-review;settlement"
"bugbuzz","Special","Bug","data-only:level;data-only:tm;implemented:level;implemented:tm","","settlement;state"
"bulkup","Status","Fighting","data-only:level;data-only:tm;data-only:tutor;implemented:legacy;implemented:level;implemented:tm;implemented:tutor","","state"
"bulldoze","Physical","Ground","data-only:legacy;data-only:level;data-only:tm;data-only:tutor;implemented:legacy;implemented:level;implemented:tm;implemented:tutor","","settlement;state"
"bulletpunch","Physical","Steel","implemented:egg;implemented:level","","settlement;timing"
"bulletseed","Physical","Grass","data-only:tm;implemented:egg;implemented:level;implemented:tm","","settlement;timing"
"burningbulwark","Status","Fire","data-only:level","","custom-callback-review;state;timing"
"burningjealousy","Special","Fire","data-only:tm;data-only:tutor;implemented:tm;implemented:tutor","","settlement;state"
"burnup","Special","Fire","implemented:egg;implemented:level;implemented:tm","","custom-callback-review;settlement;state"
"buzzybuzz","Special","Electric","","","settlement;state"
"calmmind","Status","Psychic","data-only:level;data-only:tm;data-only:tutor;implemented:legacy;implemented:level;implemented:tm;implemented:tutor","","state"
"camouflage","Status","Normal","data-only:egg;data-only:level;implemented:egg;implemented:level","","custom-callback-review"
"captivate","Status","Normal","data-only:egg;data-only:legacy;data-only:level;implemented:egg;implemented:legacy;implemented:level","","custom-callback-review;state"
"catastropika","Physical","Electric","","Z","settlement;special-system"
"ceaselessedge","Physical","Dark","implemented:level","","custom-callback-review;settlement;state"
"celebrate","Status","Normal","data-only:special;implemented:legacy;implemented:special","","custom-callback-review"
"charge","Status","Electric","data-only:level;data-only:tm;implemented:egg;implemented:level;implemented:tm","","state"
"chargebeam","Special","Electric","data-only:legacy;data-only:level;data-only:tm;data-only:tutor;implemented:legacy;implemented:level;implemented:tm;implemented:tutor","","settlement;state"
"charm","Status","Fairy","data-only:level;data-only:tm;implemented:egg;implemented:level;implemented:special;implemented:tm","","state"
"chatter","Special","Flying","implemented:level","","settlement;state"
"chillingwater","Special","Water","data-only:tm;implemented:tm","","settlement;state"
"chillyreception","Status","Ice","implemented:level","","field;switch"
"chipaway","Physical","Normal","implemented:egg;implemented:level","","settlement"
"chloroblast","Special","Grass","implemented:level","","settlement"
"circlethrow","Physical","Fighting","implemented:egg;implemented:level","","settlement;switch;timing"
"clamp","Physical","Water","implemented:egg;implemented:level","","settlement;state"
"clangingscales","Special","Dragon","implemented:level","","settlement"
"clangoroussoul","Status","Dragon","implemented:level","","custom-callback-review;state"
"clangoroussoulblaze","Special","Dragon","","Z","settlement;special-system;state"
"clearsmog","Special","Poison","data-only:egg;data-only:level;implemented:egg;implemented:level","","custom-callback-review;settlement"
"closecombat","Physical","Fighting","data-only:level;data-only:tm;implemented:egg;implemented:level;implemented:tm","","settlement;state"
"coaching","Status","Fighting","data-only:legacy;data-only:tm;data-only:tutor;implemented:tm;implemented:tutor","","state"
"coil","Status","Poison","data-only:level;implemented:egg;implemented:level","","state"
"collisioncourse","Physical","Fighting","data-only:level","","custom-callback-review;settlement"
"combattorque","Physical","Fighting","","","settlement;state"
"cometpunch","Physical","Normal","data-only:level;implemented:egg;implemented:level","","settlement;timing"
"comeuppance","Physical","Dark","implemented:egg;implemented:level","","custom-callback-review;settlement"
"confide","Status","Normal","data-only:legacy;implemented:legacy;implemented:level;implemented:tm","","state"
"confuseray","Status","Ghost","data-only:level;data-only:tm;implemented:egg;implemented:level;implemented:tm","","state"
"confusion","Special","Psychic","data-only:level;implemented:egg;implemented:legacy;implemented:level","","settlement;state"
"constrict","Physical","Normal","data-only:level;implemented:egg;implemented:level","","settlement;state"
"continentalcrush","Physical","Rock","","Z","settlement;special-system"
"conversion","Status","Normal","implemented:level","","custom-callback-review"
"conversion2","Status","Normal","implemented:level","","custom-callback-review"
"copycat","Status","Normal","data-only:level;implemented:egg;implemented:level","","custom-callback-review"
"coreenforcer","Special","Dragon","data-only:form_change;data-only:level","","custom-callback-review;settlement"
"corkscrewcrash","Physical","Steel","","Z","settlement;special-system"
"corrosivegas","Status","Poison","data-only:tm;data-only:tutor;implemented:tm;implemented:tutor","","custom-callback-review"
"cosmicpower","Status","Psychic","data-only:level;data-only:tm;implemented:egg;implemented:level;implemented:tm","","state"
"cottonguard","Status","Grass","implemented:egg;implemented:level;implemented:special","","state"
"cottonspore","Status","Grass","implemented:egg;implemented:level","","state"
"counter","Physical","Fighting","data-only:egg;data-only:legacy;data-only:level;implemented:egg;implemented:legacy;implemented:level;implemented:tm","","custom-callback-review;settlement;timing"
"courtchange","Status","Normal","implemented:level","","custom-callback-review"
"covet","Physical","Normal","data-only:tm;data-only:tutor;implemented:egg;implemented:level;implemented:tm;implemented:tutor","","custom-callback-review;settlement"
"crabhammer","Physical","Water","implemented:egg;implemented:level","","settlement"
"craftyshield","Status","Fairy","data-only:level;implemented:egg;implemented:level","","custom-callback-review;field;timing"
"crosschop","Physical","Fighting","implemented:egg;implemented:level;implemented:tm","","settlement"
"crosspoison","Physical","Poison","data-only:level;data-only:tm;implemented:egg;implemented:level;implemented:tm","","settlement;state"
"crunch","Physical","Dark","data-only:level;data-only:tm;implemented:egg;implemented:level;implemented:tm","","settlement;state"
"crushclaw","Physical","Normal","data-only:level;data-only:special;implemented:egg;implemented:level;implemented:tm","","settlement;state"
"crushgrip","Physical","Normal","implemented:level","","custom-callback-review;settlement"
"curse","Status","Ghost","data-only:egg;data-only:legacy;data-only:tm;implemented:egg;implemented:legacy;implemented:level;implemented:tm","","custom-callback-review;state"
"cut","Physical","Normal","data-only:level;data-only:tm;implemented:level;implemented:tm","","settlement"
"darkestlariat","Physical","Dark","data-only:tm;implemented:level;implemented:tm","","settlement"
"darkpulse","Special","Dark","data-only:level;data-only:tm;data-only:tutor;implemented:legacy;implemented:level;implemented:tm;implemented:tutor","","settlement;state"
"darkvoid","Status","Dark","data-only:level","","custom-callback-review;state"
"dazzlinggleam","Special","Fairy","data-only:level;data-only:tm;data-only:tutor;implemented:legacy;implemented:level;implemented:tm;implemented:tutor","","settlement"
"decorate","Status","Fairy","implemented:level","","state"
"defendorder","Status","Bug","implemented:level","","state"
"defensecurl","Status","Normal","data-only:legacy;data-only:level;implemented:egg;implemented:legacy;implemented:level;implemented:tm","","state"
"defog","Status","Flying","data-only:egg;data-only:legacy;data-only:level;data-only:tm;data-only:tutor;implemented:egg;implemented:legacy;implemented:level;implemented:tm;implemented:tutor","","custom-callback-review"
"destinybond","Status","Ghost","data-only:egg;data-only:level;implemented:egg;implemented:level;implemented:tm","","custom-callback-review;state"
"detect","Status","Fighting","data-only:legacy;data-only:level;data-only:special;implemented:egg;implemented:legacy;implemented:level;implemented:tm","","custom-callback-review;state;timing"
"devastatingdrake","Physical","Dragon","","Z","settlement;special-system"
"diamondstorm","Physical","Rock","data-only:level","","settlement;state"
"dig","Physical","Ground","data-only:legacy;data-only:level;data-only:tm;implemented:legacy;implemented:level;implemented:tm","","custom-callback-review;settlement;timing"
"direclaw","Physical","Poison","implemented:level","","settlement;state"
"disable","Status","Normal","data-only:egg;data-only:level;implemented:egg;implemented:level","","custom-callback-review;state"
"disarmingvoice","Special","Fairy","data-only:level;data-only:tm;implemented:egg;implemented:level;implemented:special;implemented:tm","","settlement"
"discharge","Special","Electric","data-only:egg;data-only:level;implemented:egg;implemented:level","","settlement;state"
"dive","Physical","Water","data-only:level;data-only:tm;data-only:tutor;implemented:egg;implemented:level;implemented:tm;implemented:tutor","","custom-callback-review;settlement;timing"
"dizzypunch","Physical","Normal","implemented:egg;implemented:legacy;implemented:level","","settlement;state"
"doodle","Status","Normal","implemented:level","","custom-callback-review"
"doomdesire","Special","Steel","data-only:level","","custom-callback-review;settlement"
"doubleedge","Physical","Normal","data-only:egg;data-only:legacy;data-only:level;data-only:tm;implemented:egg;implemented:legacy;implemented:level;implemented:tm","","health-operation;settlement"
"doublehit","Physical","Normal","data-only:level;implemented:egg;implemented:level","","settlement;timing"
"doubleironbash","Physical","Steel","data-only:level","","settlement;state;timing"
"doublekick","Physical","Fighting","data-only:level;implemented:egg;implemented:legacy;implemented:level","","settlement;timing"
"doubleshock","Physical","Electric","data-only:level","","custom-callback-review;settlement;state"
"doubleslap","Physical","Normal","data-only:level;implemented:egg;implemented:level","","settlement;timing"
"doubleteam","Status","Normal","data-only:legacy;data-only:level;data-only:tm;implemented:egg;implemented:legacy;implemented:level;implemented:tm","","state"
"dracometeor","Special","Dragon","data-only:special;data-only:tm;data-only:tutor;implemented:legacy;implemented:tm;implemented:tutor","","settlement;state"
"dragonascent","Physical","Flying","implemented:level;implemented:tutor","","settlement;state"
"dragonbreath","Special","Dragon","data-only:level;implemented:egg;implemented:legacy;implemented:level","","settlement;state"
"dragoncheer","Status","Dragon","data-only:tm;implemented:tm","","state"
"dragonclaw","Physical","Dragon","data-only:level;data-only:tm;implemented:level;implemented:tm","","settlement"
"dragondance","Status","Dragon","data-only:form_change;data-only:level;data-only:tm;implemented:egg;implemented:level;implemented:tm","","state"
"dragondarts","Physical","Dragon","implemented:level","","settlement;timing"
"dragonenergy","Special","Dragon","implemented:level","","custom-callback-review;settlement"
"dragonhammer","Physical","Dragon","data-only:level;implemented:egg;implemented:level","","settlement"
"dragonpulse","Special","Dragon","data-only:level;data-only:tm;data-only:tutor;implemented:legacy;implemented:level;implemented:tm;implemented:tutor","","settlement"
"dragonrage","Special","Dragon","data-only:level;implemented:egg;implemented:legacy;implemented:level","","health-operation;settlement"
"dragonrush","Physical","Dragon","data-only:egg;data-only:level;implemented:egg;implemented:level","","settlement;state"
"dragontail","Physical","Dragon","data-only:egg;data-only:legacy;data-only:level;data-only:tm;implemented:egg;implemented:legacy;implemented:level;implemented:tm","","settlement;switch;timing"
"drainingkiss","Special","Fairy","data-only:level;data-only:tm;implemented:level;implemented:tm","","health-operation;settlement"
"drainpunch","Physical","Fighting","data-only:level;data-only:tm;data-only:tutor;implemented:legacy;implemented:level;implemented:tm;implemented:tutor","","health-operation;settlement"
"dreameater","Special","Psychic","data-only:egg;data-only:level;data-only:tm;implemented:legacy;implemented:level;implemented:tm","","custom-callback-review;health-operation;settlement"
"drillpeck","Physical","Flying","data-only:level;implemented:egg;implemented:level","","settlement"
"drillrun","Physical","Ground","data-only:tm;data-only:tutor;implemented:level;implemented:tm;implemented:tutor","","settlement"
"drumbeating","Physical","Grass","implemented:level","","settlement;state"
"dualchop","Physical","Dragon","data-only:tm;data-only:tutor;implemented:level;implemented:tm;implemented:tutor","","settlement;timing"
"dualwingbeat","Physical","Flying","data-only:legacy;data-only:level;data-only:tm;data-only:tutor;implemented:legacy;implemented:level;implemented:tm;implemented:tutor","","settlement;timing"
"dynamaxcannon","Special","Dragon","data-only:level","","settlement"
"dynamicpunch","Physical","Fighting","data-only:legacy;data-only:level;implemented:egg;implemented:legacy;implemented:level","","settlement;state"
"earthpower","Special","Ground","data-only:level;data-only:tm;data-only:tutor;implemented:level;implemented:tm;implemented:tutor","","settlement;state"
"earthquake","Physical","Ground","data-only:level;data-only:tm;implemented:legacy;implemented:level;implemented:tm","","settlement"
"echoedvoice","Special","Normal","data-only:level;data-only:tm;implemented:level;implemented:tm","","custom-callback-review;settlement"
"eerieimpulse","Status","Electric","data-only:level;data-only:tm;implemented:egg;implemented:legacy;implemented:level;implemented:tm","","state"
"eeriespell","Special","Psychic","implemented:level","","settlement;state"
"eggbomb","Physical","Normal","implemented:legacy;implemented:level","","settlement"
"electricterrain","Status","Electric","data-only:level;data-only:tm;implemented:egg;implemented:level;implemented:tm","","field"
"electrify","Status","Electric","data-only:level;implemented:level","","custom-callback-review;state"
"electroball","Special","Electric","data-only:tm;implemented:level;implemented:tm","","custom-callback-review;settlement"
"electrodrift","Special","Electric","data-only:level","","custom-callback-review;settlement"
"electroshot","Special","Electric","implemented:level","","custom-callback-review;settlement;timing"
"electroweb","Special","Electric","data-only:tm;data-only:tutor;implemented:egg;implemented:legacy;implemented:level;implemented:tm;implemented:tutor","","settlement;state"
"embargo","Status","Dark","data-only:tm;implemented:level;implemented:tm","","state"
"ember","Special","Fire","data-only:level;implemented:level","","settlement;state"
"encore","Status","Normal","data-only:level;data-only:tm;implemented:egg;implemented:level;implemented:tm","","state"
"endeavor","Physical","Normal","data-only:legacy;data-only:level;data-only:tm;data-only:tutor;implemented:egg;implemented:legacy;implemented:level;implemented:special;implemented:tm;implemented:tutor","","custom-callback-review;settlement"
"endure","Status","Normal","data-only:level;data-only:tm;implemented:egg;implemented:legacy;implemented:level;implemented:tm","","custom-callback-review;state;timing"
"energyball","Special","Grass","data-only:level;data-only:tm;data-only:tutor;implemented:legacy;implemented:level;implemented:tm;implemented:tutor","","settlement;state"
"entrainment","Status","Normal","data-only:level;implemented:egg;implemented:level;implemented:tm","","custom-callback-review"
"eruption","Special","Fire","data-only:level;data-only:special;implemented:egg;implemented:level","","custom-callback-review;settlement"
"esperwing","Special","Psychic","implemented:level","","settlement;state"
"eternabeam","Special","Dragon","data-only:level","","settlement;state;timing"
"expandingforce","Special","Psychic","data-only:level;data-only:tm;data-only:tutor;implemented:legacy;implemented:level;implemented:tm;implemented:tutor","","custom-callback-review;settlement"
"explosion","Physical","Normal","data-only:level;data-only:tm;implemented:egg;implemented:level;implemented:tm","","settlement"
"extrasensory","Special","Psychic","data-only:egg;data-only:level;implemented:egg;implemented:level;implemented:special","","settlement;state"
"extremeevoboost","Status","Normal","","Z","special-system;state"
"extremespeed","Physical","Normal","data-only:form_change;data-only:legacy;data-only:level;data-only:special;data-only:tm;implemented:egg;implemented:level;implemented:special","","settlement;timing"
"facade","Physical","Normal","data-only:tm;implemented:level;implemented:tm","","custom-callback-review;settlement"
"fairylock","Status","Fairy","implemented:level","","field"
"fairywind","Special","Fairy","data-only:level;implemented:egg;implemented:level","","settlement"
"fakeout","Physical","Normal","data-only:egg;data-only:level;implemented:egg;implemented:level;implemented:special","","custom-callback-review;settlement;state;timing"
"faketears","Status","Dark","data-only:level;data-only:tm;implemented:egg;implemented:legacy;implemented:level;implemented:tm","","state"
"falsesurrender","Physical","Dark","implemented:level","","settlement"
"falseswipe","Physical","Normal","data-only:level;data-only:tm;data-only:tutor;implemented:legacy;implemented:level;implemented:special;implemented:tm;implemented:tutor","","custom-callback-review;settlement"
"featherdance","Status","Flying","data-only:egg;data-only:level;data-only:tm;implemented:egg;implemented:level;implemented:special;implemented:tm","","state"
"feint","Physical","Normal","data-only:egg;data-only:level;implemented:egg;implemented:level","","settlement;timing"
"feintattack","Physical","Dark","data-only:egg;data-only:level;implemented:egg;implemented:level;implemented:special","","settlement"
"fellstinger","Physical","Bug","data-only:level;implemented:egg;implemented:level","","custom-callback-review;settlement"
"ficklebeam","Special","Dragon","implemented:level","","custom-callback-review;settlement"
"fierydance","Special","Fire","data-only:level;implemented:level","","settlement;state"
"fierywrath","Special","Dark","implemented:level","","settlement;state"
"filletaway","Status","Normal","implemented:level","","custom-callback-review;state"
"finalgambit","Special","Fighting","data-only:level;implemented:egg;implemented:level","","custom-callback-review;settlement"
"fireblast","Special","Fire","data-only:level;data-only:tm;implemented:legacy;implemented:level;implemented:tm","","settlement;state"
"firefang","Physical","Fire","data-only:level;data-only:tm;data-only:tutor;implemented:egg;implemented:level;implemented:tm;implemented:tutor","","settlement;state"
"firelash","Physical","Fire","implemented:level","","settlement;state"
"firepledge","Special","Fire","data-only:tm;data-only:tutor;implemented:tm;implemented:tutor","","custom-callback-review;settlement"
"firepunch","Physical","Fire","data-only:level;data-only:tm;data-only:tutor;implemented:egg;implemented:level;implemented:tm;implemented:tutor","","settlement;state"
"firespin","Special","Fire","data-only:level;data-only:tm;implemented:egg;implemented:level;implemented:tm","","settlement;state"
"firstimpression","Physical","Bug","data-only:level;implemented:egg;implemented:level","","custom-callback-review;settlement;timing"
"fishiousrend","Physical","Water","implemented:level","","custom-callback-review;settlement"
"fissure","Physical","Ground","data-only:level;implemented:egg;implemented:legacy;implemented:level","","health-operation;settlement"
"flail","Physical","Normal","data-only:level;implemented:egg;implemented:level","","custom-callback-review;settlement"
"flameburst","Special","Fire","data-only:level;implemented:egg;implemented:level","","custom-callback-review;settlement"
"flamecharge","Physical","Fire","data-only:level;data-only:tm;implemented:egg;implemented:level;implemented:tm","","settlement;state"
"flamethrower","Special","Fire","data-only:level;data-only:tm;data-only:tutor;implemented:legacy;implemented:level;implemented:special;implemented:tm;implemented:tutor","","settlement;state"
"flamewheel","Physical","Fire","data-only:level;implemented:egg;implemented:level;implemented:tm","","settlement;state"
"flareblitz","Physical","Fire","data-only:level;data-only:tm;implemented:egg;implemented:level;implemented:tm","","health-operation;settlement;state"
"flash","Status","Normal","data-only:tm;implemented:legacy;implemented:level;implemented:tm","","state"
"flashcannon","Special","Steel","data-only:level;data-only:tm;data-only:tutor;implemented:legacy;implemented:level;implemented:tm;implemented:tutor","","settlement;state"
"flatter","Status","Dark","data-only:level;implemented:egg;implemented:level","","state"
"fleurcannon","Special","Fairy","data-only:level","","settlement;state"
"fling","Physical","Dark","data-only:level;data-only:tm;implemented:legacy;implemented:level;implemented:tm","","custom-callback-review;settlement"
"flipturn","Physical","Water","data-only:level;data-only:tm;data-only:tutor;implemented:level;implemented:tm;implemented:tutor","","settlement;switch"
"floatyfall","Physical","Flying","","","settlement;state"
"floralhealing","Status","Fairy","implemented:level","","custom-callback-review"
"flowershield","Status","Fairy","implemented:egg;implemented:level","","custom-callback-review"
"flowertrick","Physical","Grass","implemented:level","","settlement"
"fly","Physical","Flying","data-only:level;data-only:tm;implemented:legacy;implemented:level;implemented:special;implemented:tm","","custom-callback-review;settlement;timing"
"flyingpress","Physical","Fighting","implemented:level","","custom-callback-review;settlement"
"focusblast","Special","Fighting","data-only:level;data-only:tm;implemented:legacy;implemented:level;implemented:tm","","settlement;state"
"focusenergy","Status","Normal","data-only:level;data-only:tm;data-only:tutor;implemented:egg;implemented:legacy;implemented:level;implemented:tm;implemented:tutor","","state"
"focuspunch","Physical","Fighting","data-only:legacy;data-only:level;data-only:tm;data-only:tutor;implemented:egg;implemented:legacy;implemented:level;implemented:tm;implemented:tutor","","custom-callback-review;settlement;timing"
"followme","Status","Normal","data-only:level;data-only:special;implemented:egg;implemented:level;implemented:special","","custom-callback-review;state;timing"
"forcepalm","Physical","Fighting","data-only:level;implemented:egg;implemented:level","","settlement;state"
"foresight","Status","Normal","implemented:egg;implemented:legacy;implemented:level","","custom-callback-review;state"
"forestscurse","Status","Grass","implemented:level","","custom-callback-review"
"foulplay","Physical","Dark","data-only:level;data-only:tm;data-only:tutor;implemented:legacy;implemented:level;implemented:tm;implemented:tutor","","settlement"
"freezedry","Special","Ice","data-only:egg;data-only:level;implemented:egg;implemented:level;implemented:tm","","custom-callback-review;settlement;state"
"freezeshock","Physical","Ice","data-only:level","","custom-callback-review;settlement;state;timing"
"freezingglare","Special","Psychic","implemented:level","","settlement;state"
"freezyfrost","Special","Ice","","","custom-callback-review;settlement"
"frenzyplant","Special","Grass","implemented:special;implemented:tm;implemented:tutor","","settlement;state;timing"
"frostbreath","Special","Ice","data-only:tm;implemented:egg;implemented:level;implemented:tm","","settlement"
"frustration","Physical","Normal","data-only:legacy;implemented:legacy;implemented:level","","custom-callback-review;settlement"
"furyattack","Physical","Normal","data-only:level;implemented:egg;implemented:level","","settlement;timing"
"furycutter","Physical","Bug","data-only:level;data-only:tm;data-only:tutor;implemented:egg;implemented:level;implemented:tm;implemented:tutor","","custom-callback-review;settlement"
"furyswipes","Physical","Normal","data-only:level;implemented:egg;implemented:legacy;implemented:level;implemented:special;implemented:tm","","settlement;timing"
"fusionbolt","Physical","Electric","data-only:level;data-only:special","","custom-callback-review;settlement"
"fusionflare","Special","Fire","data-only:level;data-only:special","","custom-callback-review;settlement"
"futuresight","Special","Psychic","data-only:level;data-only:tm;implemented:egg;implemented:legacy;implemented:level;implemented:tm","","custom-callback-review;settlement"
"gastroacid","Status","Poison","data-only:level;data-only:tm;data-only:tutor;implemented:egg;implemented:level;implemented:tm;implemented:tutor","","custom-callback-review;state"
"geargrind","Physical","Steel","implemented:level","","settlement;timing"
"gearup","Status","Steel","data-only:level;implemented:level","","custom-callback-review"
"genesissupernova","Special","Psychic","","Z","settlement;special-system;state"
"geomancy","Status","Fairy","implemented:level","","custom-callback-review;state;timing"
"gigadrain","Special","Grass","data-only:level;data-only:tm;data-only:tutor;implemented:legacy;implemented:level;implemented:tm;implemented:tutor","","health-operation;settlement"
"gigaimpact","Physical","Normal","data-only:level;data-only:tm;data-only:tutor;implemented:legacy;implemented:level;implemented:tm;implemented:tutor","","settlement;state;timing"
"gigatonhammer","Physical","Steel","implemented:level","","settlement"
"gigavolthavoc","Physical","Electric","","Z","settlement;special-system"
"glaciallance","Physical","Ice","data-only:level","","settlement"
"glaciate","Special","Ice","data-only:level;data-only:special","","settlement;state"
"glaiverush","Physical","Dragon","data-only:level","","settlement;state"
"glare","Status","Normal","data-only:egg;data-only:level;implemented:egg;implemented:level","","state"
"glitzyglow","Special","Psychic","","","settlement;state"
"gmaxbefuddle","Physical","Bug","","Max","settlement;special-system;state"
"gmaxcannonade","Physical","Water","","Max","settlement;special-system;state"
"gmaxcentiferno","Physical","Fire","","Max","settlement;special-system;state"
"gmaxchistrike","Physical","Fighting","","Max","settlement;special-system;state"
"gmaxcuddle","Physical","Normal","","Max","settlement;special-system;state"
"gmaxdepletion","Physical","Dragon","","Max","settlement;special-system;state"
"gmaxdrumsolo","Physical","Grass","","Max","settlement;special-system"
"gmaxfinale","Physical","Fairy","","Max","settlement;special-system;state"
"gmaxfireball","Physical","Fire","","Max","settlement;special-system"
"gmaxfoamburst","Physical","Water","","Max","settlement;special-system;state"
"gmaxgoldrush","Physical","Normal","","Max","settlement;special-system;state"
"gmaxgravitas","Physical","Psychic","","Max","settlement;special-system;state"
"gmaxhydrosnipe","Physical","Water","","Max","settlement;special-system"
"gmaxmalodor","Physical","Poison","","Max","settlement;special-system;state"
"gmaxmeltdown","Physical","Steel","","Max","settlement;special-system;state"
"gmaxoneblow","Physical","Dark","","Max","settlement;special-system"
"gmaxrapidflow","Physical","Water","","Max","settlement;special-system"
"gmaxreplenish","Physical","Normal","","Max","settlement;special-system;state"
"gmaxresonance","Physical","Ice","","Max","settlement;special-system;state"
"gmaxsandblast","Physical","Ground","","Max","settlement;special-system;state"
"gmaxsmite","Physical","Fairy","","Max","settlement;special-system;state"
"gmaxsnooze","Physical","Dark","","Max","custom-callback-review;settlement;special-system"
"gmaxsteelsurge","Physical","Steel","","Max","settlement;special-system;state"
"gmaxstonesurge","Physical","Water","","Max","settlement;special-system;state"
"gmaxstunshock","Physical","Electric","","Max","settlement;special-system;state"
"gmaxsweetness","Physical","Grass","","Max","settlement;special-system;state"
"gmaxtartness","Physical","Grass","","Max","settlement;special-system;state"
"gmaxterror","Physical","Ghost","","Max","settlement;special-system;state"
"gmaxvinelash","Physical","Grass","","Max","settlement;special-system;state"
"gmaxvolcalith","Physical","Rock","","Max","settlement;special-system;state"
"gmaxvoltcrash","Physical","Electric","","Max","settlement;special-system;state"
"gmaxwildfire","Physical","Fire","","Max","settlement;special-system;state"
"gmaxwindrage","Physical","Flying","","Max","settlement;special-system;state"
"grassknot","Special","Grass","data-only:tm;implemented:level;implemented:tm","","custom-callback-review;settlement"
"grasspledge","Special","Grass","data-only:tm;data-only:tutor;implemented:tm;implemented:tutor","","custom-callback-review;settlement"
"grasswhistle","Status","Grass","data-only:legacy;data-only:level;implemented:egg;implemented:level","","state"
"grassyglide","Physical","Grass","data-only:tm;data-only:tutor;implemented:legacy;implemented:tm;implemented:tutor","","custom-callback-review;settlement"
"grassyterrain","Status","Grass","data-only:level;data-only:tm;implemented:egg;implemented:level;implemented:tm","","field"
"gravapple","Physical","Grass","implemented:level","","custom-callback-review;settlement;state"
"gravity","Status","Psychic","data-only:level;data-only:tm;data-only:tutor;implemented:egg;implemented:legacy;implemented:level;implemented:tm;implemented:tutor","","field"
"growl","Status","Normal","data-only:level;implemented:legacy;implemented:level;implemented:tm","","state"
"growth","Status","Normal","data-only:egg;data-only:level;implemented:egg;implemented:level","","custom-callback-review;state"
"grudge","Status","Ghost","implemented:egg;implemented:level;implemented:tm","","state"
"guardianofalola","Special","Fairy","","Z","custom-callback-review;settlement;special-system"
"guardsplit","Status","Psychic","data-only:level;implemented:egg;implemented:level","","custom-callback-review"
"guardswap","Status","Psychic","data-only:tm;implemented:egg;implemented:level;implemented:tm","","custom-callback-review"
"guillotine","Physical","Normal","data-only:level;implemented:level;implemented:tm","","health-operation;settlement"
"gunkshot","Physical","Poison","data-only:level;data-only:tm;data-only:tutor;implemented:egg;implemented:level;implemented:tm;implemented:tutor","","settlement;state"
"gust","Special","Flying","data-only:level;implemented:egg;implemented:level;implemented:tm","","settlement"
"gyroball","Physical","Steel","data-only:level;data-only:tm;implemented:legacy;implemented:level;implemented:tm","","custom-callback-review;settlement"
"hail","Status","Ice","data-only:level;data-only:tm;implemented:level;implemented:tm","","field"
"hammerarm","Physical","Fighting","data-only:level;implemented:egg;implemented:level;implemented:tm","","settlement;state"
"happyhour","Status","Normal","data-only:special;implemented:special","","custom-callback-review"
"harden","Status","Normal","data-only:egg;data-only:level;implemented:egg;implemented:legacy;implemented:level;implemented:tm","","state"
"hardpress","Physical","Steel","data-only:tm;implemented:tm","","custom-callback-review;settlement"
"haze","Status","Ice","data-only:level;data-only:tm;implemented:egg;implemented:legacy;implemented:level;implemented:tm","","custom-callback-review"
"headbutt","Physical","Normal","data-only:level;data-only:tm;implemented:egg;implemented:legacy;implemented:level;implemented:special;implemented:tm","","settlement;state"
"headcharge","Physical","Normal","implemented:level","","health-operation;settlement"
"headlongrush","Physical","Ground","data-only:level;implemented:level","","settlement;state"
"headsmash","Physical","Rock","data-only:level;implemented:egg;implemented:level","","health-operation;settlement"
"healbell","Status","Normal","data-only:level;data-only:tm;data-only:tutor;implemented:egg;implemented:level;implemented:special;implemented:tm;implemented:tutor","","custom-callback-review"
"healblock","Status","Psychic","data-only:egg;data-only:legacy;data-only:level;implemented:egg;implemented:level","","state"
"healingwish","Status","Psychic","data-only:level;data-only:tm;implemented:egg;implemented:level;implemented:tm","","custom-callback-review"
"healorder","Status","Bug","implemented:level","","health-operation"
"healpulse","Status","Psychic","data-only:level;implemented:egg;implemented:level;implemented:special;implemented:tm","","custom-callback-review"
"heartstamp","Physical","Psychic","data-only:special;implemented:egg;implemented:level;implemented:special","","settlement;state"
"heartswap","Status","Psychic","data-only:level","","custom-callback-review"
"heatcrash","Physical","Fire","data-only:tm;implemented:level;implemented:tm","","custom-callback-review;settlement"
"heatwave","Special","Fire","data-only:level;data-only:tm;data-only:tutor;implemented:egg;implemented:legacy;implemented:level;implemented:tm;implemented:tutor","","settlement;state"
"heavyslam","Physical","Steel","data-only:level;data-only:tm;implemented:egg;implemented:level;implemented:tm","","custom-callback-review;settlement"
"helpinghand","Status","Normal","data-only:level;data-only:tm;data-only:tutor;implemented:egg;implemented:level;implemented:tm;implemented:tutor","","custom-callback-review;state;timing"
"hex","Special","Ghost","data-only:level;data-only:tm;implemented:level;implemented:tm","","custom-callback-review;settlement"
"hiddenpower","Special","Normal","data-only:legacy;implemented:legacy;implemented:level","","custom-callback-review;settlement"
"highhorsepower","Physical","Ground","data-only:tm;data-only:tutor;implemented:egg;implemented:legacy;implemented:level;implemented:tm;implemented:tutor","","settlement"
"highjumpkick","Physical","Fighting","data-only:level;implemented:egg;implemented:level","","custom-callback-review;settlement"
"holdback","Physical","Normal","data-only:special;implemented:special","","custom-callback-review;settlement"
"holdhands","Status","Normal","implemented:special","",""
"honeclaws","Status","Dark","data-only:level;data-only:tm;implemented:egg;implemented:level;implemented:tm","","state"
"hornattack","Physical","Normal","data-only:level;implemented:egg;implemented:legacy;implemented:level","","settlement"
"horndrill","Physical","Normal","implemented:egg;implemented:legacy;implemented:level","","health-operation;settlement"
"hornleech","Physical","Grass","data-only:level;implemented:level","","health-operation;settlement"
"howl","Status","Normal","data-only:egg;data-only:level;data-only:special;implemented:egg;implemented:level;implemented:special","","state"
"hurricane","Special","Flying","data-only:level;data-only:tm;implemented:level;implemented:tm","","custom-callback-review;settlement;state"
"hydrocannon","Special","Water","data-only:special;data-only:tutor;implemented:special;implemented:tm;implemented:tutor","","settlement;state;timing"
"hydropump","Special","Water","data-only:level;data-only:tm;implemented:egg;implemented:form_change;implemented:legacy;implemented:level;implemented:tm","","settlement"
"hydrosteam","Special","Water","implemented:level","","settlement"
"hydrovortex","Physical","Water","","Z","settlement;special-system"
"hyperbeam","Special","Normal","data-only:level;data-only:tm;data-only:tutor;implemented:legacy;implemented:level;implemented:tm;implemented:tutor","","settlement;state;timing"
"hyperdrill","Physical","Normal","implemented:level","","settlement"
"hyperfang","Physical","Normal","implemented:level","","settlement;state"
"hyperspacefury","Physical","Dark","data-only:legacy;data-only:level","","custom-callback-review;settlement;state"
"hyperspacehole","Special","Psychic","data-only:level","","settlement"
"hypervoice","Special","Normal","data-only:level;data-only:tm;data-only:tutor;implemented:level;implemented:tm;implemented:tutor","","settlement"
"hypnosis","Status","Psychic","data-only:level;implemented:egg;implemented:level;implemented:special","","state"
"iceball","Physical","Ice","implemented:level;implemented:tm;implemented:tutor","","custom-callback-review;settlement"
"icebeam","Special","Ice","data-only:level;data-only:tm;data-only:tutor;implemented:level;implemented:tm;implemented:tutor","","settlement;state"
"iceburn","Special","Ice","data-only:level","","custom-callback-review;settlement;state;timing"
"icefang","Physical","Ice","data-only:level;data-only:tm;data-only:tutor;implemented:egg;implemented:level;implemented:tm;implemented:tutor","","settlement;state"
"icehammer","Physical","Ice","implemented:egg;implemented:level","","settlement;state"
"icepunch","Physical","Ice","data-only:level;data-only:tm;data-only:tutor;implemented:egg;implemented:legacy;implemented:level;implemented:tm;implemented:tutor","","settlement;state"
"iceshard","Physical","Ice","data-only:level;implemented:egg;implemented:level","","settlement;timing"
"icespinner","Physical","Ice","data-only:tm;implemented:level;implemented:tm","","custom-callback-review;settlement"
"iciclecrash","Physical","Ice","data-only:level;implemented:egg;implemented:level;implemented:tm","","settlement;state"
"iciclespear","Physical","Ice","data-only:egg;data-only:legacy;data-only:tm;implemented:level;implemented:tm","","settlement;timing"
"icywind","Special","Ice","data-only:level;data-only:tm;data-only:tutor;implemented:level;implemented:tm;implemented:tutor","","settlement;state"
"imprison","Status","Psychic","data-only:level;data-only:tm;implemented:egg;implemented:level;implemented:tm","","state"
"incinerate","Special","Fire","data-only:level;data-only:tm;implemented:egg;implemented:level;implemented:tm","","custom-callback-review;settlement"
"infernalparade","Special","Ghost","implemented:level","","custom-callback-review;settlement;state"
"inferno","Special","Fire","data-only:level;implemented:egg;implemented:legacy;implemented:level","","settlement;state"
"infernooverdrive","Physical","Fire","","Z","settlement;special-system"
"infestation","Special","Bug","data-only:egg;data-only:tm;implemented:egg;implemented:level;implemented:tm","","settlement;state"
"ingrain","Status","Grass","data-only:level;implemented:egg;implemented:level","","state"
"instruct","Status","Psychic","data-only:level","","custom-callback-review"
"iondeluge","Status","Electric","data-only:level;implemented:egg;implemented:level","","field;timing"
"irondefense","Status","Steel","data-only:legacy;data-only:level;data-only:tm;data-only:tutor;implemented:egg;implemented:legacy;implemented:level;implemented:tm;implemented:tutor","","state"
"ironhead","Physical","Steel","data-only:level;data-only:tm;data-only:tutor;implemented:egg;implemented:level;implemented:tm;implemented:tutor","","settlement;state"
"irontail","Physical","Steel","data-only:level;data-only:tm;data-only:tutor;implemented:egg;implemented:legacy;implemented:level;implemented:tm;implemented:tutor","","settlement;state"
"ivycudgel","Physical","Grass","data-only:level","","custom-callback-review;settlement"
"jawlock","Physical","Dark","data-only:level;implemented:level","","custom-callback-review;settlement"
"jetpunch","Physical","Water","implemented:level","","settlement;timing"
"judgment","Special","Normal","data-only:level","","custom-callback-review;settlement"
"jumpkick","Physical","Fighting","data-only:level;implemented:egg;implemented:level","","custom-callback-review;settlement"
"junglehealing","Status","Grass","implemented:level","","custom-callback-review"
"karatechop","Physical","Fighting","implemented:egg;implemented:level","","settlement"
"kinesis","Status","Psychic","implemented:level","","state"
"kingsshield","Status","Steel","implemented:level","","custom-callback-review;state;timing"
"knockoff","Physical","Dark","data-only:egg;data-only:legacy;data-only:level;data-only:tm;data-only:tutor;implemented:egg;implemented:legacy;implemented:level;implemented:tm;implemented:tutor","","custom-callback-review;settlement"
"kowtowcleave","Physical","Dark","implemented:level","","settlement"
"landswrath","Physical","Ground","data-only:level","","settlement"
"laserfocus","Status","Normal","data-only:level;data-only:tm;data-only:tutor;implemented:level;implemented:tm;implemented:tutor","","state"
"lashout","Physical","Dark","data-only:tm;data-only:tutor;implemented:tm;implemented:tutor","","custom-callback-review;settlement"
"lastresort","Physical","Normal","data-only:egg;data-only:level;data-only:tm;data-only:tutor;implemented:egg;implemented:level;implemented:special;implemented:tm;implemented:tutor","","custom-callback-review;settlement"
"lastrespects","Physical","Ghost","data-only:level;implemented:egg","","custom-callback-review;settlement"
"lavaplume","Special","Fire","data-only:level;implemented:level","","settlement;state"
"leafage","Physical","Grass","data-only:level;implemented:level","","settlement"
"leafblade","Physical","Grass","data-only:level;data-only:tm;implemented:egg;implemented:level;implemented:tm","","settlement"
"leafstorm","Special","Grass","data-only:level;data-only:tm;implemented:egg;implemented:form_change;implemented:level;implemented:tm","","settlement;state"
"leaftornado","Special","Grass","implemented:egg;implemented:level;implemented:tm","","settlement;state"
"leechlife","Physical","Bug","data-only:level;data-only:tm;data-only:tutor;implemented:level;implemented:tm;implemented:tutor","","health-operation;settlement"
"leechseed","Status","Grass","data-only:egg;data-only:level;implemented:egg;implemented:level","","custom-callback-review;state"
"leer","Status","Normal","data-only:level;implemented:egg;implemented:legacy;implemented:level;implemented:tm","","state"
"letssnuggleforever","Physical","Fairy","","Z","settlement;special-system"
"lick","Physical","Ghost","data-only:level;implemented:egg;implemented:level","","settlement;state"
"lifedew","Status","Water","data-only:level;implemented:egg;implemented:level","","health-operation"
"lightofruin","Special","Fairy","implemented:level","","health-operation;settlement"
"lightscreen","Status","Psychic","data-only:legacy;data-only:level;data-only:tm;implemented:legacy;implemented:level;implemented:tm","","field"
"lightthatburnsthesky","Special","Psychic","","Z","custom-callback-review;settlement;special-system"
"liquidation","Physical","Water","data-only:tm;data-only:tutor;implemented:level;implemented:tm;implemented:tutor","","settlement;state"
"lockon","Status","Normal","data-only:level;implemented:egg;implemented:level","","custom-callback-review"
"lovelykiss","Status","Normal","implemented:level","","state"
"lowkick","Physical","Fighting","data-only:level;data-only:tm;data-only:tutor;implemented:egg;implemented:level;implemented:tm;implemented:tutor","","custom-callback-review;settlement"
"lowsweep","Physical","Fighting","data-only:level;data-only:tm;implemented:legacy;implemented:level;implemented:tm","","settlement;state"
"luckychant","Status","Normal","data-only:egg;data-only:legacy;data-only:level;implemented:egg;implemented:level","","field"
"luminacrash","Special","Psychic","implemented:level","","settlement;state"
"lunarblessing","Status","Psychic","data-only:level","","custom-callback-review"
"lunardance","Status","Psychic","data-only:level","","custom-callback-review"
"lunge","Physical","Bug","data-only:level;data-only:tm;implemented:egg;implemented:level;implemented:tm","","settlement;state"
"lusterpurge","Special","Psychic","implemented:level","","settlement;state"
"machpunch","Physical","Fighting","data-only:egg;implemented:egg;implemented:level","","settlement;timing"
"magicalleaf","Special","Grass","data-only:level;data-only:tm;data-only:tutor;implemented:egg;implemented:level;implemented:tm;implemented:tutor","","settlement"
"magicaltorque","Physical","Fairy","","","settlement;state"
"magiccoat","Status","Psychic","data-only:legacy;data-only:level;data-only:tm;data-only:tutor;implemented:egg;implemented:level;implemented:tm;implemented:tutor","","state;timing"
"magicpowder","Status","Psychic","implemented:level","","custom-callback-review"
"magicroom","Status","Psychic","data-only:level;data-only:tm;data-only:tutor;implemented:egg;implemented:level;implemented:tm;implemented:tutor","","field"
"magmastorm","Special","Fire","data-only:level","","settlement;state"
"magnetbomb","Physical","Steel","data-only:level;implemented:level","","settlement"
"magneticflux","Status","Electric","data-only:level;implemented:level","","custom-callback-review"
"magnetrise","Status","Electric","data-only:level;data-only:tm;data-only:tutor;implemented:egg;implemented:level;implemented:tm;implemented:tutor","","custom-callback-review;state"
"magnitude","Physical","Ground","implemented:egg;implemented:level","","custom-callback-review;settlement"
"makeitrain","Special","Steel","implemented:level","","settlement;state"
"maliciousmoonsault","Physical","Dark","","Z","settlement;special-system"
"malignantchain","Special","Poison","data-only:level","","settlement;state"
"matblock","Status","Fighting","implemented:level","","custom-callback-review;field"
"matchagotcha","Special","Grass","implemented:level","","health-operation;settlement;state"
"maxairstream","Physical","Flying","","Max","settlement;special-system;state"
"maxdarkness","Physical","Dark","","Max","settlement;special-system;state"
"maxflare","Physical","Fire","","Max","settlement;special-system;state"
"maxflutterby","Physical","Bug","","Max","settlement;special-system;state"
"maxgeyser","Physical","Water","","Max","settlement;special-system;state"
"maxguard","Status","Normal","","Max","custom-callback-review;special-system;state;timing"
"maxhailstorm","Physical","Ice","","Max","settlement;special-system;state"
"maxknuckle","Physical","Fighting","","Max","settlement;special-system;state"
"maxlightning","Physical","Electric","","Max","settlement;special-system;state"
"maxmindstorm","Physical","Psychic","","Max","settlement;special-system;state"
"maxooze","Physical","Poison","","Max","settlement;special-system;state"
"maxovergrowth","Physical","Grass","","Max","settlement;special-system;state"
"maxphantasm","Physical","Ghost","","Max","settlement;special-system;state"
"maxquake","Physical","Ground","","Max","settlement;special-system;state"
"maxrockfall","Physical","Rock","","Max","settlement;special-system;state"
"maxstarfall","Physical","Fairy","","Max","settlement;special-system;state"
"maxsteelspike","Physical","Steel","","Max","settlement;special-system;state"
"maxstrike","Physical","Normal","","Max","settlement;special-system;state"
"maxwyrmwind","Physical","Dragon","","Max","settlement;special-system;state"
"meanlook","Status","Normal","data-only:egg;data-only:level;implemented:egg;implemented:level;implemented:special","","custom-callback-review"
"meditate","Status","Psychic","implemented:egg;implemented:level","","state"
"mefirst","Status","Normal","data-only:level;implemented:egg;implemented:level","","custom-callback-review"
"megadrain","Special","Grass","data-only:level;implemented:egg;implemented:legacy;implemented:level;implemented:tm","","health-operation;settlement"
"megahorn","Physical","Bug","data-only:level;data-only:tm;data-only:tutor;implemented:egg;implemented:legacy;implemented:level;implemented:tm;implemented:tutor","","settlement"
"megakick","Physical","Normal","data-only:tm;implemented:level;implemented:tm","","settlement"
"megapunch","Physical","Normal","data-only:level;data-only:tm;implemented:egg;implemented:level;implemented:tm","","settlement"
"memento","Status","Dark","data-only:egg;data-only:level;implemented:egg;implemented:level","","state"
"menacingmoonrazemaelstrom","Special","Ghost","","Z","settlement;special-system"
"metalburst","Physical","Steel","data-only:level;implemented:egg;implemented:level","","custom-callback-review;settlement"
"metalclaw","Physical","Steel","data-only:level;data-only:tm;implemented:egg;implemented:level;implemented:tm","","settlement;state"
"metalsound","Status","Steel","data-only:level;data-only:tm;implemented:egg;implemented:level;implemented:tm","","state"
"meteorassault","Physical","Fighting","implemented:level","","settlement;state;timing"
"meteorbeam","Special","Rock","data-only:tm;data-only:tutor;implemented:tm;implemented:tutor","","custom-callback-review;settlement;timing"
"meteormash","Physical","Steel","data-only:level;data-only:special;implemented:level;implemented:tm","","settlement;state"
"metronome","Status","Normal","data-only:tm;implemented:legacy;implemented:level;implemented:tm","","custom-callback-review"
"mightycleave","Physical","Rock","data-only:level","","settlement"
"milkdrink","Status","Normal","implemented:egg;implemented:level","","health-operation"
"mimic","Status","Normal","data-only:legacy;implemented:egg;implemented:legacy;implemented:level","","custom-callback-review"
"mindblown","Special","Fire","data-only:level","","custom-callback-review;settlement"
"mindreader","Status","Normal","data-only:level;implemented:egg;implemented:level;implemented:tm","","custom-callback-review"
"minimize","Status","Normal","implemented:legacy;implemented:level","","state"
"miracleeye","Status","Psychic","implemented:egg;implemented:level","","custom-callback-review;state"
"mirrorcoat","Special","Psychic","data-only:legacy;data-only:level;implemented:egg;implemented:legacy;implemented:level","","custom-callback-review;settlement;timing"
"mirrormove","Status","Flying","data-only:egg;data-only:level;implemented:egg;implemented:level","","custom-callback-review"
"mirrorshot","Special","Steel","data-only:level;implemented:egg;implemented:level","","settlement;state"
"mist","Status","Ice","data-only:egg;data-only:level;data-only:special;implemented:egg;implemented:legacy;implemented:level","","field"
"mistball","Special","Psychic","implemented:level","","settlement;state"
"mistyexplosion","Special","Fairy","data-only:tm;data-only:tutor;implemented:tm;implemented:tutor","","custom-callback-review;settlement"
"mistyterrain","Status","Fairy","data-only:level;data-only:tm;implemented:level;implemented:tm","","field"
"moonblast","Special","Fairy","data-only:level;data-only:special;implemented:egg;implemented:legacy;implemented:level","","settlement;state"
"moongeistbeam","Special","Ghost","data-only:form_change;data-only:level;data-only:tm","","settlement"
"moonlight","Status","Fairy","data-only:level;implemented:egg;implemented:level","","custom-callback-review"
"morningsun","Status","Normal","data-only:level;implemented:egg;implemented:level;implemented:special","","custom-callback-review"
"mortalspin","Physical","Poison","implemented:level","","custom-callback-review;settlement;state"
"mountaingale","Physical","Ice","implemented:level","","settlement;state"
"mudbomb","Special","Ground","data-only:egg;implemented:egg;implemented:level","","settlement;state"
"muddywater","Special","Water","data-only:level;data-only:tm;implemented:egg;implemented:legacy;implemented:level;implemented:tm","","settlement;state"
"mudshot","Special","Ground","data-only:level;data-only:tm;implemented:egg;implemented:legacy;implemented:level;implemented:tm","","settlement;state"
"mudslap","Special","Ground","data-only:egg;data-only:legacy;data-only:level;data-only:tm;data-only:tutor;implemented:egg;implemented:legacy;implemented:level;implemented:tm;implemented:tutor","","settlement;state"
"mudsport","Status","Ground","data-only:egg;implemented:egg;implemented:level;implemented:special","","field"
"multiattack","Physical","Normal","data-only:level","","custom-callback-review;settlement"
"mysticalfire","Special","Fire","data-only:level;data-only:tm;data-only:tutor;implemented:egg;implemented:level;implemented:tm;implemented:tutor","","settlement;state"
"mysticalpower","Special","Psychic","data-only:level","","settlement;state"
"nastyplot","Status","Dark","data-only:level;data-only:tm;implemented:egg;implemented:level;implemented:tm","","state"
"naturalgift","Physical","Normal","data-only:egg;data-only:legacy;data-only:level;implemented:egg;implemented:legacy;implemented:level","","custom-callback-review;settlement"
"naturepower","Status","Normal","data-only:tm;implemented:egg;implemented:level;implemented:tm","","custom-callback-review"
"naturesmadness","Special","Fairy","data-only:level","","custom-callback-review;settlement"
"needlearm","Physical","Grass","implemented:level","","settlement;state"
"neverendingnightmare","Physical","Ghost","","Z","settlement;special-system"
"nightdaze","Special","Dark","data-only:level;implemented:level","","settlement;state"
"nightmare","Status","Ghost","data-only:legacy;data-only:level;implemented:egg;implemented:legacy;implemented:level","","state"
"nightshade","Special","Ghost","data-only:level;data-only:tm;implemented:egg;implemented:legacy;implemented:level;implemented:tm","","health-operation;settlement"
"nightslash","Physical","Dark","data-only:level;implemented:egg;implemented:level;implemented:tm","","settlement"
"nobleroar","Status","Normal","data-only:level;implemented:level","","state"
"noretreat","Status","Fighting","implemented:level","","custom-callback-review;state"
"noxioustorque","Physical","Poison","","","settlement;state"
"nuzzle","Physical","Electric","data-only:level;implemented:egg;implemented:level","","settlement;state"
"oblivionwing","Special","Flying","data-only:level","","health-operation;settlement"
"obstruct","Status","Dark","implemented:level","","custom-callback-review;state;timing"
"oceanicoperetta","Special","Water","","Z","settlement;special-system"
"octazooka","Special","Water","implemented:egg;implemented:level;implemented:special","","settlement;state"
"octolock","Status","Fighting","implemented:level","","custom-callback-review;state"
"odorsleuth","Status","Normal","implemented:egg;implemented:level;implemented:special","","custom-callback-review;state"
"ominouswind","Special","Ghost","data-only:level;data-only:tm;data-only:tutor;implemented:legacy;implemented:level;implemented:tm;implemented:tutor","","settlement;state"
"orderup","Physical","Dragon","implemented:level","","custom-callback-review;settlement"
"originpulse","Special","Water","data-only:level","","settlement"
"outrage","Physical","Dragon","data-only:level;data-only:tm;data-only:tutor;implemented:egg;implemented:legacy;implemented:level;implemented:tm;implemented:tutor","","custom-callback-review;settlement;state"
"overdrive","Special","Electric","implemented:level","","settlement"
"overheat","Special","Fire","data-only:level;data-only:tm;implemented:form_change;implemented:level;implemented:tm","","settlement;state"
"painsplit","Status","Normal","data-only:level;data-only:tm;data-only:tutor;implemented:egg;implemented:legacy;implemented:level;implemented:tm;implemented:tutor","","custom-callback-review"
"paleowave","Special","Rock","","","settlement;state"
"paraboliccharge","Special","Electric","data-only:level;implemented:egg;implemented:level","","health-operation;settlement"
"partingshot","Status","Dark","data-only:level;implemented:egg;implemented:level;implemented:tm","","custom-callback-review;switch"
"payback","Physical","Dark","data-only:level;data-only:tm;implemented:level;implemented:tm","","custom-callback-review;settlement"
"payday","Physical","Normal","data-only:tm;implemented:level;implemented:tm","","settlement"
"peck","Physical","Flying","data-only:level;implemented:egg;implemented:legacy;implemented:level","","settlement"
"perishsong","Status","Normal","data-only:level;implemented:egg;implemented:level","","custom-callback-review"
"petalblizzard","Physical","Grass","data-only:tm;implemented:egg;implemented:level;implemented:tm","","settlement"
"petaldance","Special","Grass","implemented:egg;implemented:level;implemented:special","","custom-callback-review;settlement;state"
"phantomforce","Physical","Ghost","data-only:level;data-only:special;data-only:tm;implemented:level;implemented:tm","","custom-callback-review;settlement;timing"
"photongeyser","Special","Psychic","data-only:level","","custom-callback-review;settlement"
"pikapapow","Special","Electric","","","custom-callback-review;settlement"
"pinmissile","Physical","Bug","data-only:level;data-only:tm;implemented:egg;implemented:level;implemented:tm","","settlement;timing"
"plasmafists","Physical","Electric","data-only:level","","field;settlement"
"playnice","Status","Normal","implemented:level;implemented:tm","","state"
"playrough","Physical","Fairy","data-only:level;data-only:tm;data-only:tutor;implemented:egg;implemented:level;implemented:tm;implemented:tutor","","settlement;state"
"pluck","Physical","Flying","data-only:egg;data-only:level;data-only:tm;implemented:level;implemented:tm","","custom-callback-review;settlement"
"poisonfang","Physical","Poison","data-only:level;implemented:egg;implemented:level","","settlement;state"
"poisongas","Status","Poison","data-only:level;implemented:legacy;implemented:level","","state"
"poisonjab","Physical","Poison","data-only:level;data-only:tm;data-only:tutor;implemented:legacy;implemented:level;implemented:tm;implemented:tutor","","settlement;state"
"poisonpowder","Status","Poison","data-only:level;implemented:egg;implemented:level","","state"
"poisonsting","Physical","Poison","implemented:egg;implemented:level","","settlement;state"
"poisontail","Physical","Poison","data-only:level;data-only:tm;implemented:egg;implemented:legacy;implemented:level;implemented:tm","","settlement;state"
"pollenpuff","Special","Bug","data-only:tm;implemented:level;implemented:tm","","custom-callback-review;settlement"
"poltergeist","Physical","Ghost","data-only:tm;data-only:tutor;implemented:tm;implemented:tutor","","custom-callback-review;settlement"
"populationbomb","Physical","Normal","implemented:level","","settlement;timing"
"pounce","Physical","Bug","data-only:tm;implemented:tm","","settlement;state"
"pound","Physical","Normal","data-only:level;implemented:level;implemented:tm","","settlement"
"powder","Status","Bug","implemented:egg;implemented:level","","state;timing"
"powdersnow","Special","Ice","data-only:level;implemented:egg;implemented:level;implemented:tm","","settlement;state"
"powergem","Special","Rock","data-only:level;data-only:tm;implemented:egg;implemented:level;implemented:tm","","settlement"
"powershift","Status","Normal","data-only:legacy;implemented:legacy","","state"
"powersplit","Status","Psychic","data-only:level;implemented:egg;implemented:level","","custom-callback-review"
"powerswap","Status","Psychic","data-only:level;data-only:tm;implemented:egg;implemented:level;implemented:tm","","custom-callback-review"
"powertrick","Status","Psychic","implemented:egg;implemented:level","","state"
"powertrip","Physical","Dark","data-only:egg;implemented:egg;implemented:level","","custom-callback-review;settlement"
"poweruppunch","Physical","Fighting","data-only:level;data-only:tm;implemented:egg;implemented:level;implemented:tm","","settlement;state"
"powerwhip","Physical","Grass","data-only:level;data-only:tm;implemented:egg;implemented:legacy;implemented:level;implemented:tm","","settlement"
"precipiceblades","Physical","Ground","data-only:level","","settlement"
"present","Physical","Normal","data-only:level;implemented:egg;implemented:level;implemented:special","","custom-callback-review;settlement"
"prismaticlaser","Special","Psychic","data-only:level","","settlement;state;timing"
"protect","Status","Normal","data-only:legacy;data-only:level;data-only:tm;implemented:level;implemented:tm","","custom-callback-review;state;timing"
"psybeam","Special","Psychic","data-only:level;data-only:tm;implemented:egg;implemented:legacy;implemented:level;implemented:tm","","settlement;state"
"psyblade","Physical","Psychic","implemented:level","","custom-callback-review;settlement"
"psychic","Special","Psychic","data-only:level;data-only:tm;data-only:tutor;implemented:legacy;implemented:level;implemented:tm;implemented:tutor","","settlement;state"
"psychicfangs","Physical","Psychic","data-only:level;data-only:tm;implemented:level;implemented:tm","","custom-callback-review;settlement"
"psychicnoise","Special","Psychic","data-only:tm;implemented:tm","","settlement;state"
"psychicterrain","Status","Psychic","data-only:level;data-only:tm;implemented:level;implemented:tm","","field"
"psychoboost","Special","Psychic","data-only:level;implemented:special","","settlement;state"
"psychocut","Physical","Psychic","data-only:level;data-only:tm;data-only:tutor;implemented:egg;implemented:level;implemented:tm;implemented:tutor","","settlement"
"psychoshift","Status","Psychic","data-only:level;data-only:tm;implemented:egg;implemented:level","","custom-callback-review;state"
"psychup","Status","Normal","data-only:legacy;data-only:level;data-only:tm;implemented:egg;implemented:legacy;implemented:level;implemented:tm","","custom-callback-review"
"psyshieldbash","Physical","Psychic","implemented:egg;implemented:level","","settlement;state"
"psyshock","Special","Psychic","data-only:level;data-only:tm;implemented:level;implemented:tm","","settlement"
"psystrike","Special","Psychic","implemented:level","","settlement"
"psywave","Special","Psychic","data-only:level;implemented:egg;implemented:legacy;implemented:level","","custom-callback-review;settlement"
"pulverizingpancake","Physical","Normal","","Z","settlement;special-system"
"punishment","Physical","Dark","data-only:egg;data-only:level;implemented:egg;implemented:level","","custom-callback-review;settlement"
"purify","Status","Poison","implemented:level","","custom-callback-review"
"pursuit","Physical","Dark","data-only:legacy;data-only:level;implemented:egg;implemented:legacy;implemented:level","","custom-callback-review;settlement"
"pyroball","Physical","Fire","implemented:level","","settlement;state"
"quash","Status","Dark","data-only:level;data-only:tm;implemented:egg;implemented:level;implemented:tm","","custom-callback-review"
"quickattack","Physical","Normal","data-only:egg;data-only:legacy;data-only:level;implemented:egg;implemented:legacy;implemented:level;implemented:special","","settlement;timing"
"quickguard","Status","Fighting","data-only:egg;data-only:level;implemented:egg;implemented:level","","custom-callback-review;field;timing"
"quiverdance","Status","Bug","data-only:egg;data-only:level;implemented:level","","state"
"rage","Physical","Normal","data-only:level;implemented:egg;implemented:legacy;implemented:level","","settlement;state"
"ragefist","Physical","Ghost","implemented:level","","custom-callback-review;settlement"
"ragepowder","Status","Bug","data-only:level;implemented:egg;implemented:level","","custom-callback-review;state;timing"
"ragingbull","Physical","Normal","implemented:level","","custom-callback-review;settlement"
"ragingfury","Physical","Fire","data-only:level;implemented:egg;implemented:level","","custom-callback-review;settlement;state"
"raindance","Status","Water","data-only:level;data-only:tm;implemented:level;implemented:tm","","field"
"rapidspin","Physical","Normal","data-only:level;implemented:egg;implemented:level","","custom-callback-review;settlement;state"
"razorleaf","Physical","Grass","data-only:level;implemented:egg;implemented:legacy;implemented:level;implemented:tm","","settlement"
"razorshell","Physical","Water","implemented:level;implemented:tm","","settlement;state"
"razorwind","Special","Normal","data-only:egg;data-only:level;implemented:egg;implemented:legacy;implemented:level","","custom-callback-review;settlement;timing"
"recover","Status","Normal","data-only:egg;data-only:level;implemented:egg;implemented:level","","health-operation"
"recycle","Status","Normal","data-only:tm;data-only:tutor;implemented:egg;implemented:level;implemented:tm;implemented:tutor","","custom-callback-review"
"reflect","Status","Psychic","data-only:legacy;data-only:level;data-only:tm;implemented:legacy;implemented:level;implemented:tm","","field"
"reflecttype","Status","Normal","data-only:egg;implemented:egg;implemented:legacy;implemented:level","","custom-callback-review"
"refresh","Status","Normal","data-only:egg;data-only:level;implemented:egg;implemented:level;implemented:special","","custom-callback-review"
"relicsong","Special","Normal","data-only:form_change;data-only:level;data-only:tutor","","custom-callback-review;settlement;state"
"rest","Status","Psychic","data-only:level;data-only:tm;data-only:tutor;implemented:level;implemented:tm;implemented:tutor","","custom-callback-review"
"retaliate","Physical","Normal","data-only:level;data-only:tm;implemented:egg;implemented:level;implemented:tm","","custom-callback-review;settlement"
"return","Physical","Normal","data-only:legacy;implemented:egg;implemented:legacy;implemented:level","","custom-callback-review;settlement"
"revelationdance","Special","Normal","data-only:level","","custom-callback-review;settlement"
"revenge","Physical","Fighting","data-only:tm;implemented:egg;implemented:level;implemented:tm","","custom-callback-review;settlement;timing"
"reversal","Physical","Fighting","data-only:level;data-only:tm;implemented:egg;implemented:level;implemented:tm","","custom-callback-review;settlement"
"revivalblessing","Status","Normal","data-only:level;implemented:level","","custom-callback-review;switch"
"risingvoltage","Special","Electric","data-only:level;data-only:tm;data-only:tutor;implemented:tm;implemented:tutor","","custom-callback-review;settlement"
"roar","Status","Normal","data-only:legacy;data-only:level;data-only:tm;implemented:egg;implemented:legacy;implemented:level;implemented:tm","","switch;timing"
"roaroftime","Special","Dragon","data-only:level;data-only:special","","settlement;state;timing"
"rockblast","Physical","Rock","data-only:level;data-only:tm;implemented:level;implemented:tm","","settlement;timing"
"rockclimb","Physical","Normal","data-only:tm;implemented:legacy;implemented:level;implemented:tm","","settlement;state"
"rockpolish","Status","Rock","data-only:level;data-only:tm;implemented:egg;implemented:level;implemented:tm","","state"
"rockslide","Physical","Rock","data-only:level;data-only:tm;data-only:tutor;implemented:legacy;implemented:level;implemented:tm;implemented:tutor","","settlement;state"
"rocksmash","Physical","Fighting","data-only:legacy;data-only:level;data-only:tm;data-only:tutor;implemented:egg;implemented:level;implemented:tm;implemented:tutor","","settlement;state"
"rockthrow","Physical","Rock","data-only:level;implemented:egg;implemented:legacy;implemented:level","","settlement"
"rocktomb","Physical","Rock","data-only:level;data-only:tm;implemented:legacy;implemented:level;implemented:tm","","settlement;state"
"rockwrecker","Physical","Rock","implemented:level","","settlement;state;timing"
"roleplay","Status","Psychic","data-only:level;data-only:tm;data-only:tutor;implemented:egg;implemented:level;implemented:tm;implemented:tutor","","custom-callback-review"
"rollingkick","Physical","Fighting","data-only:level;implemented:egg;implemented:level","","settlement;state"
"rollout","Physical","Rock","data-only:level;data-only:tm;data-only:tutor;implemented:egg;implemented:level;implemented:tm;implemented:tutor","","custom-callback-review;settlement"
"roost","Status","Flying","data-only:egg;data-only:level;data-only:tm;data-only:tutor;implemented:egg;implemented:level;implemented:tm;implemented:tutor","","health-operation;state"
"rototiller","Status","Ground","data-only:level;implemented:egg;implemented:level","","custom-callback-review"
"round","Special","Normal","data-only:legacy;data-only:level;data-only:tm;implemented:legacy;implemented:level;implemented:tm","","custom-callback-review;settlement"
"ruination","Special","Dark","data-only:level","","custom-callback-review;settlement"
"sacredfire","Physical","Fire","data-only:level;implemented:level","","settlement;state"
"sacredsword","Physical","Fighting","data-only:level;implemented:egg;implemented:level","","settlement"
"safeguard","Status","Normal","data-only:egg;data-only:level;data-only:tm;implemented:level;implemented:tm","","field"
"saltcure","Physical","Rock","implemented:level","","settlement;state"
"sandattack","Status","Ground","data-only:level;implemented:egg;implemented:legacy;implemented:level","","state"
"sandsearstorm","Special","Ground","data-only:level","","custom-callback-review;settlement;state"
"sandstorm","Status","Rock","data-only:level;data-only:tm;implemented:level;implemented:tm","","field"
"sandtomb","Physical","Ground","data-only:level;data-only:tm;implemented:egg;implemented:legacy;implemented:level;implemented:tm","","settlement;state"
"sappyseed","Physical","Grass","","","custom-callback-review;settlement"
"savagespinout","Physical","Bug","","Z","settlement;special-system"
"scald","Special","Water","data-only:legacy;data-only:level;data-only:tm;implemented:legacy;implemented:level;implemented:tm","","settlement;state"
"scaleshot","Physical","Dragon","data-only:level;data-only:tm;data-only:tutor;implemented:legacy;implemented:tm;implemented:tutor","","settlement;timing"
"scaryface","Status","Normal","data-only:level;data-only:tm;implemented:egg;implemented:legacy;implemented:level;implemented:tm","","state"
"scorchingsands","Special","Ground","data-only:tm;data-only:tutor;implemented:tm;implemented:tutor","","settlement;state"
"scratch","Physical","Normal","data-only:level;implemented:legacy;implemented:level","","settlement"
"screech","Status","Normal","data-only:level;data-only:tm;implemented:egg;implemented:legacy;implemented:level;implemented:tm","","state"
"searingshot","Special","Fire","data-only:level","","settlement;state"
"searingsunrazesmash","Physical","Steel","","Z","settlement;special-system"
"secretpower","Physical","Normal","data-only:legacy;implemented:egg;implemented:legacy;implemented:level;implemented:tm","","custom-callback-review;settlement;state"
"secretsword","Special","Fighting","data-only:form_change;data-only:level;data-only:tutor","","settlement"
"seedbomb","Physical","Grass","data-only:tm;data-only:tutor;implemented:egg;implemented:level;implemented:tm;implemented:tutor","","settlement"
"seedflare","Special","Grass","data-only:level","","settlement;state"
"seismictoss","Physical","Fighting","data-only:egg;data-only:legacy;data-only:level;implemented:egg;implemented:legacy;implemented:level;implemented:special;implemented:tm","","health-operation;settlement"
"selfdestruct","Physical","Normal","data-only:level;data-only:tm;implemented:egg;implemented:level;implemented:tm","","settlement"
"shadowball","Special","Ghost","data-only:legacy;data-only:level;data-only:tm;data-only:tutor;implemented:level;implemented:tm;implemented:tutor","","settlement;state"
"shadowbone","Physical","Ghost","implemented:level","","settlement;state"
"shadowclaw","Physical","Ghost","data-only:level;data-only:tm;data-only:tutor;implemented:legacy;implemented:level;implemented:tm;implemented:tutor","","settlement"
"shadowforce","Physical","Ghost","data-only:level;data-only:special","","custom-callback-review;settlement;timing"
"shadowpunch","Physical","Ghost","data-only:level;implemented:egg;implemented:level","","settlement"
"shadowsneak","Physical","Ghost","data-only:egg;data-only:level;implemented:egg;implemented:level","","settlement;timing"
"shadowstrike","Physical","Ghost","","","settlement;state"
"sharpen","Status","Normal","data-only:level;implemented:egg;implemented:level","","state"
"shatteredpsyche","Physical","Psychic","","Z","settlement;special-system"
"shedtail","Status","Normal","implemented:level","","custom-callback-review;state;switch"
"sheercold","Special","Ice","data-only:level;implemented:egg;implemented:level","","health-operation;settlement"
"shellsidearm","Special","Poison","implemented:level","","custom-callback-review;settlement;state"
"shellsmash","Status","Normal","data-only:level;implemented:egg;implemented:level","","state"
"shelltrap","Special","Fire","implemented:level","","custom-callback-review;settlement;timing"
"shelter","Status","Steel","implemented:level","","state"
"shiftgear","Status","Steel","data-only:level;data-only:special;implemented:level","","state"
"shockwave","Special","Electric","data-only:level;data-only:tm;data-only:tutor;implemented:egg;implemented:level;implemented:tm;implemented:tutor","","settlement"
"shoreup","Status","Ground","implemented:level","","custom-callback-review"
"signalbeam","Special","Bug","data-only:tm;data-only:tutor;implemented:level;implemented:tm;implemented:tutor","","settlement;state"
"silktrap","Status","Bug","implemented:level","","custom-callback-review;state;timing"
"silverwind","Special","Bug","data-only:tm;implemented:level;implemented:tm","","settlement;state"
"simplebeam","Status","Normal","data-only:level;implemented:egg;implemented:level","","custom-callback-review"
"sing","Status","Normal","data-only:level;data-only:special;implemented:egg;implemented:level;implemented:special","","state"
"sinisterarrowraid","Physical","Ghost","","Z","settlement;special-system"
"sizzlyslide","Physical","Fire","","","settlement;state"
"sketch","Status","Normal","implemented:level","","custom-callback-review"
"skillswap","Status","Psychic","data-only:level;data-only:tm;data-only:tutor;implemented:level;implemented:tm;implemented:tutor","","custom-callback-review"
"skittersmack","Physical","Bug","data-only:tm;data-only:tutor;implemented:egg;implemented:level;implemented:tm;implemented:tutor","","settlement;state"
"skullbash","Physical","Normal","data-only:egg;data-only:level;implemented:egg;implemented:legacy;implemented:level;implemented:tm","","custom-callback-review;settlement;timing"
"skyattack","Physical","Flying","data-only:egg;data-only:level;data-only:tm;data-only:tutor;implemented:egg;implemented:legacy;implemented:level;implemented:tm;implemented:tutor","","custom-callback-review;settlement;state;timing"
"skydrop","Physical","Flying","data-only:tm;implemented:tm","","custom-callback-review;settlement;timing"
"skyuppercut","Physical","Fighting","implemented:egg;implemented:level","","settlement"
"slackoff","Status","Normal","implemented:egg;implemented:level","","health-operation"
"slam","Physical","Normal","data-only:level;implemented:egg;implemented:level","","settlement"
"slash","Physical","Normal","data-only:legacy;data-only:level;implemented:egg;implemented:legacy;implemented:level","","settlement"
"sleeppowder","Status","Grass","implemented:egg;implemented:legacy;implemented:level","","state"
"sleeptalk","Status","Normal","data-only:tm;data-only:tutor;implemented:egg;implemented:legacy;implemented:level;implemented:tm;implemented:tutor","","custom-callback-review"
"sludge","Special","Poison","data-only:level;implemented:egg;implemented:level","","settlement;state"
"sludgebomb","Special","Poison","data-only:level;data-only:tm;data-only:tutor;implemented:legacy;implemented:level;implemented:tm;implemented:tutor","","settlement;state"
"sludgewave","Special","Poison","data-only:level;data-only:tm;implemented:level;implemented:tm","","settlement;state"
"smackdown","Physical","Rock","data-only:level;data-only:tm;implemented:egg;implemented:legacy;implemented:level;implemented:tm","","settlement;state"
"smartstrike","Physical","Steel","data-only:level;data-only:tm;implemented:level;implemented:tm","","settlement"
"smellingsalts","Physical","Normal","implemented:egg;implemented:level","","custom-callback-review;settlement"
"smog","Special","Poison","data-only:egg;data-only:level;implemented:egg;implemented:level","","settlement;state"
"smokescreen","Status","Normal","data-only:level;implemented:egg;implemented:level","","state"
"snaptrap","Physical","Grass","implemented:level","","settlement;state"
"snarl","Special","Dark","data-only:level;data-only:tm;data-only:tutor;implemented:level;implemented:tm;implemented:tutor","","settlement;state"
"snatch","Status","Dark","data-only:tm;data-only:tutor;implemented:egg;implemented:level;implemented:tm;implemented:tutor","","state;timing"
"snipeshot","Special","Water","implemented:level","","settlement"
"snore","Special","Normal","data-only:egg;data-only:legacy;data-only:level;data-only:tm;data-only:tutor;implemented:egg;implemented:legacy;implemented:level;implemented:tm;implemented:tutor","","custom-callback-review;settlement;state"
"snowscape","Status","Ice","data-only:level;data-only:tm;implemented:level;implemented:tm","","field"
"soak","Status","Water","data-only:level;implemented:egg;implemented:level","","custom-callback-review"
"softboiled","Status","Normal","implemented:legacy;implemented:level","","health-operation"
"solarbeam","Special","Grass","data-only:level;data-only:tm;implemented:legacy;implemented:level;implemented:tm","","custom-callback-review;settlement;timing"
"solarblade","Physical","Grass","data-only:tm;implemented:legacy;implemented:level;implemented:tm","","custom-callback-review;settlement;timing"
"sonicboom","Special","Normal","data-only:level;implemented:egg;implemented:level","","health-operation;settlement"
"soulstealing7starstrike","Physical","Ghost","","Z","settlement;special-system"
"spacialrend","Special","Dragon","data-only:level;data-only:special","","settlement"
"spark","Physical","Electric","data-only:level;implemented:egg;implemented:level","","settlement;state"
"sparklingaria","Special","Water","implemented:egg;implemented:level","","custom-callback-review;settlement;state"
"sparklyswirl","Special","Fairy","","","settlement;state"
"spectralthief","Physical","Ghost","data-only:level","","settlement"
"speedswap","Status","Psychic","data-only:level;data-only:tm;implemented:level;implemented:tm","","custom-callback-review"
"spicyextract","Status","Grass","implemented:level","","state"
"spiderweb","Status","Bug","implemented:level","","custom-callback-review"
"spikecannon","Physical","Normal","implemented:egg;implemented:legacy;implemented:level","","settlement;timing"
"spikes","Status","Ground","data-only:legacy;data-only:level;data-only:tm;data-only:tutor;implemented:egg;implemented:level;implemented:tm;implemented:tutor","","field"
"spikyshield","Status","Grass","data-only:level;implemented:egg;implemented:level","","custom-callback-review;state;timing"
"spinout","Physical","Steel","implemented:level","","settlement;state"
"spiritbreak","Physical","Fairy","data-only:level;implemented:level","","settlement;state"
"spiritshackle","Physical","Ghost","implemented:level","","settlement;state"
"spite","Status","Ghost","data-only:legacy;data-only:level;data-only:tm;data-only:tutor;implemented:egg;implemented:legacy;implemented:level;implemented:tm;implemented:tutor","","custom-callback-review"
"spitup","Special","Normal","data-only:level;implemented:egg;implemented:level","","custom-callback-review;settlement"
"splash","Status","Normal","data-only:level;implemented:egg;implemented:level","","custom-callback-review"
"splinteredstormshards","Physical","Rock","","Z","custom-callback-review;settlement;special-system"
"splishysplash","Special","Water","","","settlement;state"
"spore","Status","Grass","data-only:level;implemented:level;implemented:special","","state"
"spotlight","Status","Normal","implemented:egg;implemented:level","","custom-callback-review;state;timing"
"springtidestorm","Special","Fairy","data-only:level","","settlement;state"
"stealthrock","Status","Rock","data-only:level;data-only:tm;data-only:tutor;implemented:legacy;implemented:level;implemented:tm;implemented:tutor","","field"
"steameruption","Special","Water","data-only:level","","settlement;state"
"steamroller","Physical","Bug","data-only:level;implemented:egg;implemented:level","","settlement;state"
"steelbeam","Special","Steel","data-only:tm;data-only:tutor;implemented:tm;implemented:tutor","","custom-callback-review;settlement"
"steelroller","Physical","Steel","data-only:level;data-only:tm;data-only:tutor;implemented:tm;implemented:tutor","","custom-callback-review;settlement"
"steelwing","Physical","Steel","data-only:tm;implemented:egg;implemented:level;implemented:tm","","settlement;state"
"stickyweb","Status","Bug","data-only:egg;data-only:level;implemented:egg;implemented:level","","field"
"stockpile","Status","Normal","data-only:level;implemented:egg;implemented:level","","custom-callback-review;state"
"stokedsparksurfer","Special","Electric","","Z","settlement;special-system;state"
"stomp","Physical","Normal","data-only:egg;data-only:level;implemented:egg;implemented:legacy;implemented:level","","settlement;state"
"stompingtantrum","Physical","Ground","data-only:level;data-only:tm;data-only:tutor;implemented:legacy;implemented:level;implemented:tm;implemented:tutor","","custom-callback-review;settlement"
"stoneaxe","Physical","Rock","implemented:level","","custom-callback-review;settlement;state"
"stoneedge","Physical","Rock","data-only:level;data-only:tm;data-only:tutor;implemented:legacy;implemented:level;implemented:tm;implemented:tutor","","settlement"
"storedpower","Special","Psychic","data-only:level;data-only:tm;implemented:level;implemented:tm","","custom-callback-review;settlement"
"stormthrow","Physical","Fighting","implemented:egg;implemented:level","","settlement"
"strangesteam","Special","Fairy","implemented:level","","settlement;state"
"strength","Physical","Normal","data-only:legacy;data-only:tm;implemented:egg;implemented:legacy;implemented:level;implemented:tm","","settlement"
"strengthsap","Status","Grass","implemented:egg;implemented:level","","custom-callback-review"
"stringshot","Status","Bug","data-only:level;data-only:tm;data-only:tutor;implemented:level;implemented:tm;implemented:tutor","","state"
"struggle","Physical","Normal","","","custom-callback-review;settlement"
"strugglebug","Special","Bug","data-only:level;data-only:tm;implemented:egg;implemented:level;implemented:tm","","settlement;state"
"stuffcheeks","Status","Normal","data-only:egg;implemented:egg;implemented:level","","custom-callback-review"
"stunspore","Status","Grass","data-only:level;implemented:egg;implemented:level","","state"
"submission","Physical","Fighting","implemented:egg;implemented:legacy;implemented:level","","health-operation;settlement"
"substitute","Status","Normal","data-only:tm;implemented:level;implemented:tm","","custom-callback-review;state"
"subzeroslammer","Physical","Ice","","Z","settlement;special-system"
"suckerpunch","Physical","Dark","data-only:egg;data-only:level;data-only:tm;data-only:tutor;implemented:egg;implemented:legacy;implemented:level;implemented:tm;implemented:tutor","","custom-callback-review;settlement;timing"
"sunnyday","Status","Fire","data-only:legacy;data-only:level;data-only:tm;implemented:legacy;implemented:level;implemented:tm","","field"
"sunsteelstrike","Physical","Steel","data-only:form_change;data-only:level;data-only:tm","","settlement"
"supercellslam","Physical","Electric","data-only:tm;implemented:tm","","custom-callback-review;settlement"
"superfang","Physical","Normal","data-only:tm;data-only:tutor;implemented:egg;implemented:legacy;implemented:level;implemented:tm;implemented:tutor","","custom-callback-review;settlement"
"superpower","Physical","Fighting","data-only:level;data-only:tm;data-only:tutor;implemented:egg;implemented:legacy;implemented:level;implemented:tm;implemented:tutor","","settlement;state"
"supersonic","Status","Normal","data-only:egg;data-only:level;implemented:egg;implemented:level;implemented:tm","","state"
"supersonicskystrike","Physical","Flying","","Z","settlement;special-system"
"surf","Special","Water","data-only:level;data-only:tm;implemented:legacy;implemented:level;implemented:tm","","settlement"
"surgingstrikes","Physical","Water","data-only:level","","settlement;timing"
"swagger","Status","Normal","data-only:legacy;data-only:level;data-only:tm;implemented:egg;implemented:legacy;implemented:level;implemented:tm","","state"
"swallow","Status","Normal","data-only:level;implemented:egg;implemented:level","","custom-callback-review"
"sweetkiss","Status","Fairy","data-only:egg;data-only:level;implemented:egg;implemented:level;implemented:special","","state"
"sweetscent","Status","Normal","data-only:legacy;data-only:level;implemented:egg;implemented:legacy;implemented:level;implemented:special;implemented:tm","","state"
"swift","Special","Normal","data-only:legacy;data-only:level;data-only:tm;data-only:tutor;implemented:egg;implemented:legacy;implemented:level;implemented:tm;implemented:tutor","","settlement"
"switcheroo","Status","Dark","data-only:tm;implemented:egg;implemented:level","","custom-callback-review"
"swordsdance","Status","Normal","data-only:level;data-only:tm;implemented:legacy;implemented:level;implemented:tm","","state"
"synchronoise","Special","Psychic","data-only:level;implemented:egg;implemented:level","","custom-callback-review;settlement"
"synthesis","Status","Grass","data-only:level;data-only:tm;data-only:tutor;implemented:egg;implemented:level;implemented:tm;implemented:tutor","","custom-callback-review"
"syrupbomb","Special","Grass","implemented:level","","settlement;state"
"tachyoncutter","Special","Steel","data-only:level","","settlement;timing"
"tackle","Physical","Normal","data-only:level;implemented:legacy;implemented:level","","settlement"
"tailglow","Status","Bug","data-only:level;implemented:level","","state"
"tailslap","Physical","Normal","data-only:level;data-only:tm;implemented:level;implemented:tm","","settlement;timing"
"tailwhip","Status","Normal","data-only:level;implemented:egg;implemented:level;implemented:tm","","state"
"tailwind","Status","Flying","data-only:legacy;data-only:level;data-only:tm;data-only:tutor;implemented:egg;implemented:legacy;implemented:level;implemented:tm;implemented:tutor","","field"
"takedown","Physical","Normal","data-only:level;data-only:tm;implemented:egg;implemented:legacy;implemented:level;implemented:tm","","health-operation;settlement"
"takeheart","Status","Psychic","data-only:level","","custom-callback-review"
"tarshot","Status","Rock","implemented:level","","state"
"taunt","Status","Dark","data-only:legacy;data-only:level;data-only:tm;implemented:legacy;implemented:level;implemented:tm","","state"
"tearfullook","Status","Normal","implemented:egg;implemented:level;implemented:tm","","state"
"teatime","Status","Normal","implemented:level","","custom-callback-review"
"technoblast","Special","Normal","data-only:level","","custom-callback-review;settlement"
"tectonicrage","Physical","Ground","","Z","settlement;special-system"
"teeterdance","Status","Normal","data-only:level;implemented:egg;implemented:level;implemented:special;implemented:tm","","state"
"telekinesis","Status","Psychic","data-only:tm;data-only:tutor;implemented:tm;implemented:tutor","","custom-callback-review;state"
"teleport","Status","Psychic","data-only:level;implemented:legacy;implemented:level","","custom-callback-review;switch;timing"
"temperflare","Physical","Fire","data-only:tm;implemented:tm","","custom-callback-review;settlement"
"terablast","Special","Normal","data-only:tm;implemented:tm","","custom-callback-review;settlement"
"terastarstorm","Special","Normal","data-only:level","","custom-callback-review;settlement"
"terrainpulse","Special","Normal","data-only:tm;data-only:tutor;implemented:level;implemented:tm;implemented:tutor","","custom-callback-review;settlement"
"thief","Physical","Dark","data-only:level;data-only:tm;implemented:level;implemented:tm","","custom-callback-review;settlement"
"thousandarrows","Physical","Ground","data-only:form_change;data-only:level","","custom-callback-review;settlement;state"
"thousandwaves","Physical","Ground","data-only:form_change;data-only:level","","custom-callback-review;settlement"
"thrash","Physical","Normal","data-only:level;implemented:egg;implemented:legacy;implemented:level","","custom-callback-review;settlement;state"
"throatchop","Physical","Dark","data-only:level;data-only:tm;data-only:tutor;implemented:legacy;implemented:level;implemented:tm;implemented:tutor","","settlement;state"
"thunder","Special","Electric","data-only:level;data-only:tm;implemented:legacy;implemented:level;implemented:tm","","custom-callback-review;settlement;state"
"thunderbolt","Special","Electric","data-only:legacy;data-only:level;data-only:tm;data-only:tutor;implemented:legacy;implemented:level;implemented:tm;implemented:tutor","","settlement;state"
"thundercage","Special","Electric","implemented:level","","settlement;state"
"thunderclap","Special","Electric","data-only:level","","custom-callback-review;settlement;timing"
"thunderfang","Physical","Electric","data-only:level;data-only:tm;data-only:tutor;implemented:egg;implemented:level;implemented:tm;implemented:tutor","","settlement;state"
"thunderouskick","Physical","Fighting","implemented:level","","settlement;state"
"thunderpunch","Physical","Electric","data-only:level;data-only:tm;data-only:tutor;implemented:egg;implemented:level;implemented:tm;implemented:tutor","","settlement;state"
"thundershock","Special","Electric","data-only:level;implemented:legacy;implemented:level","","settlement;state"
"thunderwave","Status","Electric","data-only:legacy;data-only:level;data-only:tm;implemented:legacy;implemented:level;implemented:tm","","state"
"tickle","Status","Normal","data-only:level;implemented:egg;implemented:level;implemented:special;implemented:tm","","state"
"tidyup","Status","Normal","implemented:egg;implemented:level","","custom-callback-review"
"topsyturvy","Status","Dark","implemented:level","","custom-callback-review"
"torchsong","Special","Fire","implemented:level","","settlement;state"
"torment","Status","Dark","data-only:level;data-only:tm;implemented:egg;implemented:level;implemented:tm","","state"
"toxic","Status","Poison","data-only:egg;data-only:legacy;data-only:level;data-only:tm;implemented:egg;implemented:legacy;implemented:level;implemented:tm","","state"
"toxicspikes","Status","Poison","data-only:level;data-only:tm;implemented:egg;implemented:level;implemented:tm","","field"
"toxicthread","Status","Poison","implemented:level","","state"
"trailblaze","Physical","Grass","data-only:tm;implemented:tm","","settlement;state"
"transform","Status","Normal","implemented:level","","custom-callback-review"
"triattack","Special","Normal","data-only:level;data-only:tm;implemented:level;implemented:tm","","settlement;state"
"trick","Status","Psychic","data-only:level;data-only:tm;data-only:tutor;implemented:egg;implemented:level;implemented:tm;implemented:tutor","","custom-callback-review"
"trickortreat","Status","Ghost","implemented:level","","custom-callback-review"
"trickroom","Status","Psychic","data-only:level;data-only:tm;implemented:legacy;implemented:level;implemented:tm","","field;timing"
"triplearrows","Physical","Fighting","implemented:level","","settlement;state"
"tripleaxel","Physical","Ice","data-only:tm;data-only:tutor;implemented:tm;implemented:tutor","","custom-callback-review;settlement;timing"
"tripledive","Physical","Water","implemented:level","","settlement;timing"
"triplekick","Physical","Fighting","data-only:level;implemented:level","","custom-callback-review;settlement;timing"
"tropkick","Physical","Grass","implemented:level","","settlement;state"
"trumpcard","Special","Normal","data-only:level;implemented:egg;implemented:level","","custom-callback-review;settlement"
"twinbeam","Special","Psychic","implemented:level","","settlement;timing"
"twineedle","Physical","Bug","implemented:egg;implemented:level","","settlement;state;timing"
"twinkletackle","Physical","Fairy","","Z","settlement;special-system"
"twister","Special","Dragon","data-only:level;data-only:tm;data-only:tutor;implemented:egg;implemented:level;implemented:tm;implemented:tutor","","settlement;state"
"upperhand","Physical","Fighting","data-only:tm;implemented:tm","","custom-callback-review;settlement;state;timing"
"uproar","Special","Normal","data-only:legacy;data-only:level;data-only:tm;data-only:tutor;implemented:egg;implemented:legacy;implemented:level;implemented:tm;implemented:tutor","","custom-callback-review;settlement;state"
"uturn","Physical","Bug","data-only:level;data-only:tm;implemented:legacy;implemented:level;implemented:tm","","settlement;switch"
"vacuumwave","Special","Fighting","data-only:level;data-only:tm;data-only:tutor;implemented:egg;implemented:legacy;implemented:level;implemented:tm;implemented:tutor","","settlement;timing"
"vcreate","Physical","Fire","data-only:level;implemented:special","","settlement;state"
"veeveevolley","Physical","Normal","","","custom-callback-review;settlement"
"venomdrench","Status","Poison","data-only:level;data-only:tm;implemented:level;implemented:tm","","custom-callback-review"
"venoshock","Special","Poison","data-only:level;data-only:tm;implemented:egg;implemented:legacy;implemented:level;implemented:tm","","custom-callback-review;settlement"
"victorydance","Status","Fighting","implemented:level","","state"
"vinewhip","Physical","Grass","data-only:level;implemented:egg;implemented:level","","settlement"
"visegrip","Physical","Normal","data-only:level;implemented:level","","settlement"
"vitalthrow","Physical","Fighting","data-only:egg;data-only:level;implemented:egg;implemented:level;implemented:tm","","settlement;timing"
"voltswitch","Special","Electric","data-only:level;data-only:tm;implemented:level;implemented:tm","","settlement;switch"
"volttackle","Physical","Electric","implemented:tm;implemented:tutor","","health-operation;settlement;state"
"wakeupslap","Physical","Fighting","data-only:level;implemented:egg;implemented:level","","custom-callback-review;settlement"
"waterfall","Physical","Water","data-only:tm;implemented:legacy;implemented:level;implemented:tm","","settlement;state"
"watergun","Special","Water","data-only:level;implemented:legacy;implemented:level;implemented:tm","","settlement"
"waterpledge","Special","Water","data-only:tm;data-only:tutor;implemented:tm;implemented:tutor","","custom-callback-review;settlement"
"waterpulse","Special","Water","data-only:egg;data-only:level;data-only:tm;data-only:tutor;implemented:egg;implemented:legacy;implemented:level;implemented:tm;implemented:tutor","","settlement;state"
"watershuriken","Special","Water","implemented:level","","custom-callback-review;settlement;timing"
"watersport","Status","Water","data-only:level;implemented:egg;implemented:level;implemented:special","","field"
"waterspout","Special","Water","data-only:level;implemented:egg;implemented:level","","custom-callback-review;settlement"
"wavecrash","Physical","Water","implemented:egg;implemented:level","","health-operation;settlement"
"weatherball","Special","Normal","data-only:egg;data-only:level;data-only:tm;implemented:egg;implemented:legacy;implemented:level;implemented:tm","","custom-callback-review;settlement"
"whirlpool","Special","Water","data-only:legacy;data-only:level;data-only:tm;implemented:legacy;implemented:level;implemented:tm","","settlement;state"
"whirlwind","Status","Normal","data-only:level;implemented:egg;implemented:legacy;implemented:level;implemented:tm","","switch;timing"
"wickedblow","Physical","Dark","data-only:level","","settlement"
"wickedtorque","Physical","Dark","","","settlement;state"
"wideguard","Status","Rock","data-only:level;implemented:egg;implemented:level;implemented:tm","","custom-callback-review;field;timing"
"wildboltstorm","Special","Electric","data-only:level","","custom-callback-review;settlement;state"
"wildcharge","Physical","Electric","data-only:level;data-only:tm;data-only:tutor;implemented:level;implemented:tm;implemented:tutor","","health-operation;settlement"
"willowisp","Status","Fire","data-only:level;data-only:tm;implemented:legacy;implemented:level;implemented:tm","","state"
"wingattack","Physical","Flying","data-only:level;implemented:egg;implemented:level;implemented:tm","","settlement"
"wish","Status","Normal","data-only:egg;data-only:level;implemented:egg;implemented:level;implemented:special","",""
"withdraw","Status","Water","data-only:level;implemented:level","","state"
"wonderroom","Status","Psychic","data-only:level;data-only:tm;data-only:tutor;implemented:egg;implemented:level;implemented:tm;implemented:tutor","","field"
"woodhammer","Physical","Grass","data-only:level;implemented:egg;implemented:level","","health-operation;settlement"
"workup","Status","Normal","data-only:level;data-only:tm;implemented:egg;implemented:level;implemented:tm","","state"
"worryseed","Status","Grass","data-only:level;data-only:tm;data-only:tutor;implemented:egg;implemented:level;implemented:tm;implemented:tutor","","custom-callback-review"
"wrap","Physical","Normal","data-only:level;implemented:egg;implemented:level","","settlement;state"
"wringout","Special","Normal","data-only:level;implemented:egg;implemented:level","","custom-callback-review;settlement"
"xscissor","Physical","Bug","data-only:level;data-only:tm;data-only:tutor;implemented:level;implemented:tm;implemented:tutor","","settlement"
"yawn","Status","Normal","data-only:egg;data-only:level;implemented:egg;implemented:level;implemented:special;implemented:tm","","custom-callback-review;state"
"zapcannon","Special","Electric","data-only:legacy;data-only:level;implemented:egg;implemented:legacy;implemented:level","","settlement;state"
"zenheadbutt","Physical","Psychic","data-only:level;data-only:tm;data-only:tutor;implemented:egg;implemented:level;implemented:tm;implemented:tutor","","settlement;state"
"zingzap","Physical","Electric","implemented:level","","settlement;state"
"zippyzap","Physical","Electric","","","settlement;state;timing"
